link,job,company,salary,area,experience,education,companytype,direction,describe
https://jobs.51job.com/hangzhou/118733056.html?s=01&t=0,资深数据挖掘工程师(NLP方向) (职位编号：J194036),网易集团,3-4.5千/月,杭州,3-4年经验,本科,上市公司,互联网/电子商务,"['\r\n        Responsibility', '1. 负责文本数据的挖掘分析，包括信息的分类整理、信息抽取以及文本生成等技术的研发及优化；', '2. 负责NLP基础算法研究工作，包括文本分类、主题／关键词／标签抽取、语义标注、知识图谱、基础知识库整理等；', '3. 解决海量数据离线及实时处理中遇到的难题，保证系统的鲁棒性、高可用性。', 'Requirements', '1. 重点学校硕士及以上学历毕业，3年以上工作经验，有大型互联网公司从业经验优先；', '2. 具备良好的编程能力和代码风格，熟练掌握Java、Python、Scala等一门强类型语言，并至少掌握一门脚本语言；', '3. 具有统计或数据挖掘背景，并对NLP/文本挖掘算法和理论有较深入的研究者优先； ', '4. 具有良好的分析问题和解决问题的能力，对解决具有挑战性问题充满激情，有较强的学习能力，并且能够快速实现数学模型；', '5. 熟悉Hadoop/Spark分布式大数据处理系统者优先。\r\n                ', '\r\n                                        ', '职能类别：', '软件工程师', '\r\n                                ', '\r\n        ', '微信分享', '\r\n        ', '\r\n        ', '\r\n    ']"
https://jobs.51job.com/urumqi/118429603.html?s=01&t=0,大数据挖掘建模工程师,普联软件股份有限公司新疆分公司,0.8-1万/月,乌鲁木齐,无工作经验,招2人,上市公司,计算机软件,"['\r\n        ', '二、岗位职责', '根据项目需求，在业务人员提供业务逻辑及原理配合的情况下，负责数据采集、加工、处理、分析工作，能独立完成概念模型、逻辑模型设计，主要包括指标健康异常分析模型、监控预警模型以及效果预测模型等；可兼顾部分的Java开发。', '三、岗位要求', '1、大学本科，数学或计算机相关专业，2年以上工作经验者优先；', '2、熟练掌握一种或几种常用数据算法技能（如：决策树、聚类、逻辑回归、神经网络、关联分析等），有良好的建模与实施能力；', '3、熟练使用BMATLA/python/R等其中一种以上软件进行数据建模分析，***能熟练使用SPSS/SAS等数据分析软件；', '4、了解Java开发语言，oracle数据库者优先；', '5、具备大数据平台数据开发经验优先。', '四、发展空间', '普联软件业务涵盖全国各大油田，在财务管理基础上，致力于开拓油田业财融合的管理会计和生产运行相关业务领域，目前公司致力于经济评价、财务平台构建、智能油田建设、数据中心构建、大数据分析等领域。油田在探索投资成本一体化、效益配产等业财融合新模式，未来新领域发展空间巨大，希望有能力、有抱负的人士与公司一起抓住这个机遇。', '                                        ', '公司提供前沿知识、技术的学习、培训机会，提供能力展示平台，注重个人发展，打造业务专家型、技术专家型、咨询专家型人才。', '\r\n                ', '\r\n                                        ', '职能类别：', '高级软件工程师', '大数据开发/分析', '\r\n                                ', '\r\n        ', '微信分享', '\r\n        ', '\r\n        ', '\r\n    ']"
https://jobs.51job.com/shanghai-pdxq/111967643.html?s=01&t=0,高级算法-数据挖掘工程师,上海商涌网络科技有限公司,2.5-5万/月,上海-浦东新区,3-4年经验,本科,民营公司,互联网/电子商务,"['\r\n        ', '1，深度理解各类数据，并以此进行建模以及从数据维度对产品提出建议;', '2，实时跟踪和评估相关的算法进展和发展趋势;', '3，负责算法模型从调研、实现、算法部署上线的全流程工作;', '4，负责算法模型平台的架构与搭建工作.', '任职要求：', '1.\xa0计算机\\数学\\物理\\统计等相关专业硕士以上学历', '2.\xa0熟悉并且了解各类机器学习算法及数据挖掘基本算法，及其底层原理，优缺点与适用场景', '3.\xa0熟悉分布式环境下的在线/离线模型训练与部署', '4.\xa0对机器学习有自己的理解，知道机器学习这种工具的用途与适用范围，对于超出机器学习适用范围的场景，能提出自己独到解决方法', '3.\xa0对什么是数据，有自己的深刻理解', '4.\xa0能供使用\xa0C/C++/Python\xa0独立实现复杂的数据结构和算法原型', '5.\xa0熟练使用SQL/NoSQL数据库', '6.\xa0熟悉网络传输的基本协议', '7.\xa0能熟练运用各种常见机器学习框架，并能对源代码在特定场景下进行优化', '加分项：', '1.\xa0有高质量原创技术博客/github高星项目', '2.\xa0在ACM/Kaggle(独立完成)中获得过靠前名词', '3.\xa0对人性/数据/世界有敏锐洞察力', '4.\xa0有过医疗/健康方面研究工作经历，有医学背景', '5.\xa0对保险行业有深入了解', '\r\n                ', '\r\n                                        ', '职能类别：', '算法工程师', '\r\n                                        ', '关键字：', '数据挖掘', '机器学习', '高级算法', '\r\n                    ', '\r\n        ', '微信分享', '\r\n        ', '\r\n        ', '\r\n    ']"
https://jobs.51job.com/shanghai-cnq/97274508.html?s=01&t=0,数据挖掘经理（金融科技）,交银企业管理服务（上海）有限公司张江高科技园区分公司,20-40万/年,上海-长宁区,5-7年经验,本科,国企,银行,"['\r\n        ', '主要职责：', '1.      评估业务部门数据需求，撰写技术文档并完成相关数据提取；', '2.      与业务建立良好沟通机制，为业务提供数据分析服务，与业务部门合作开展业务专题分析；', '3.      撰写数据分析报告，为业务发展提供决策支持；', '4.      参与数据挖掘模型的构建、维护、部署和评估；', '5.      协助数据平台开发人员开展数据仓库和数据统计分析项目的建设；', '6.      协助其他同事，做好新员工的带教。', '岗位要求：', '1.      本科及以上学历，金融、计算机、数学、统计等相关专业，5年以上工作经验；', '2.      逻辑清晰，自学能力强；有良好的数据统计和数据挖掘专业知识，具备利用数据分析解决业务问题的能力；', '3.      熟练使用SQL或SAS；', '4.      具有较强的责任心，执行力，能承受较大工作压力，愿意接受工作挑战；', '5.      有良好的沟通技巧和质量意识，具有较强的组织能力和团队合作精神；', '6.      有APP数据埋点或者页面流转数据分析经验者优先；', '7.      有商业建模经验、BI应用项目经验、hadoop分布式计算平台使用经验者优先；', '8.      具有金融、互联网行业背景者优先。', '\r\n                ', '\r\n                                        ', '职能类别：', '数据库工程师/管理员', '系统工程师', '\r\n                                        ', '关键字：', 'SQL', 'SAS', '数据挖掘', '建模', 'BI', '数据分析', '\r\n                    ', '\r\n        ', '微信分享', '\r\n        ', '\r\n        ', '\r\n    ']"
https://jobs.51job.com/shanghai-jaq/62586375.html?s=01&t=0,数据挖掘算法工程师,上海杰之能软件科技有限公司,1.5-2.2万/月,上海-静安区,1年经验,博士,民营公司,计算机软件,"['\r\n        ', '岗位职责：', '1 了解民航和动车领域内的车载（机载）数据、运营数据、维修数据及其业务背景；', '2 高价值设备性能监控的算法研发及实施，包括设备性能建模和模型优化；', '3 挖掘设备维修数据中的业务知识，辅助设备故障诊断和故障隔离；', '4 优化设备运营过程中的生产计划，达到客户优化目标；', '5 跟踪业内机器学习算法动态并将之应用到性能监控和故障处置领域行算法等经验。', '任职要求：', '1 数学或物理、计算机及相关专业硕士以上学历，3-5年以上相关工作经验；', '2了解主流机器学习算法原理，并能使用R（python）语言实现，熟悉各种工具包；', '3 有较强计算机编程功底，熟练使用SQL；  ', '4 有快速学习和查阅资料及了解客户业务需求的能力；', '5 有NLP或专家系统经验优先；', '6 运筹优化方向优先；', '7 熟悉hadoop及spark相关技术，如RHIVE，sparkR，pyspark优先。', '\r\n                ', '\r\n                                        ', '职能类别：', '算法工程师', '\r\n                                        ', '关键字：', '数据库', '数据挖掘', 'Hadoop', '数据分析', '机器算法', '周末双休', '带薪年假', '节日福利', '提供班车', '\r\n                    ', '\r\n        ', '微信分享', '\r\n        ', '\r\n        ', '\r\n    ']"
https://jobs.51job.com/xian-ytq/118315965.html?s=01&t=0,数据挖掘工程师,陕西星点网络科技有限公司,3-4.5千/月,西安-雁塔区,无工作经验,大专,民营公司,互联网/电子商务,"['\r\n        ', '岗位职责：', '1. 对海量业务数据进行整合、分析挖掘，挖掘用户行为特征，为安全、运营及决策提供业务分析及数据支持；', '2. 分析业务问题，使用数据挖掘各类算法构建相关的业务模型；', '3. 对建立的分析挖掘模型和算法进行软件实现；', ' 任职要求：', '1. 计算机、数学、统计、数据挖掘等相关专业专科及以上学历；', '2. 3年以上互联网、IT相关工作背景及数据分析挖掘相关工作经验；', '3. 熟悉统计原理及检验方法、熟悉数据分析方法；', '4. 熟悉分类、回归、聚类、降维等机器学习算法及应用场景；', '5. 熟悉Linux、Shell、R/Python，Hadoop/Spark/storm等，能独立完成相关的数据分析及分析报告相关工作；', '6. 有互联网推荐领域相关工作经验更优。', '福利待遇:', '1、一旦录用，入职提供免费体检；', '2、入职即购买五险一金；', '3、年终双薪；', '4、上班时间：9：30-12：00，13：30-17：30，周末双休、国家法定节假日正常休假；', '5、包吃或者餐补二选一，住房补贴；', '6、节日福利、生日福利。', '试用期1个月、期待您的加入！！', '\r\n                ', '\r\n                                        ', '职能类别：', '互联网软件开发工程师', '\r\n                                        ', '关键字：', '数据挖掘', '工程师', '\r\n                    ', '\r\n        ', '微信分享', '\r\n        ', '\r\n        ', '\r\n    ']"
https://jobs.51job.com/beijing-ftq/117373700.html?s=01&t=0,AI或数据挖掘工程师（校招岗位）,卓望信息技术（北京）有限公司,1-1.5万/月,北京-丰台区,无工作经验,招4人,外资（非欧美）,互联网/电子商务,"['\r\n        ', '1、根据数据特点选择合适的算法模型；', '2、使用tensorflow、sklearn等工具实现算法；', '3、对算法程序代码进行优化', '任职要求：', '1、统招本科及以上学历的应届毕业生，计算科学、应用数学、数理统计或相关专业；', '2、熟悉基础的数据挖掘和机器学习算法，包括但不限于逻辑回归、决策树、马尔科夫链等；', '3、具有良好的学习能力、业务问题分析和模型抽象能力；', '                                    ', '\xa0\xa0\xa0\xa0', '4', '、诚信谦逊、踏实进取、严谨负责，有较强的沟通能力、学习能力，有强烈的创新意识。', '\r\n                ', '\r\n                                        ', '职能类别：', '数据库工程师/管理员', '\r\n                                ', '\r\n        ', '微信分享', '\r\n        ', '\r\n        ', '\r\n    ']"
https://jobs.51job.com/chengdu/116637733.html?s=01&t=0,高级数据挖掘开发工程师,四川OPPO,1.2-2万/月,成都,无工作经验,本科,民营公司,通信/电信/网络设备,"['\r\n        ', '1、熟知公司业务数据和业务变化，构建业务数据模型；', '2、进行数据仓库模型的设计，应用模型的设计和分析，支持业务优化、监控和考核；', '3、维护业务数据模型，验证数据质量，保障数据完整和可靠；', '4、用系统化的方法分析业务变化趋势，为管理层决策和产品完善提供数据支持。', '任职要求：', '1、本科及以上学历，计算机、数学类相关专业；', '2、3年以上大规模数据研发、挖掘、分析相关工作经验；', '3、熟悉MySQL、Oracle、SQLServer或至少其中之一，熟悉SQL语言；', '4、突出的分析和归纳能力,熟悉数据仓库建模理论、模型设计方法和原则，实际参与过大型数据仓库建设，对BI后台技术有深入的了解；', '5、有零售行业相关工作经验者优先；', '6、了解数理统计、数据分析及挖掘，熟知常用算法，有运用机器学习算法建模的理论基础或实际经验者优先。', '7、有腾讯、阿里类似工作经验者优先', '\r\n                ', '\r\n                                        ', '职能类别：', '大数据开发/分析', '\r\n                                        ', '关键字：', '数据挖掘', '\r\n                    ', '\r\n        ', '微信分享', '\r\n        ', '\r\n        ', '\r\n    ']"
https://jobs.51job.com/changsha-yhq/115208833.html?s=01&t=0,大数据挖掘治理工程师,湖南云解析科技有限公司,0.8-1.5万/月,长沙-雨花区,无工作经验,招2人,民营公司,计算机软件,"['\r\n        ', '1.负责大数据平台的开发人工智能产品技术；', '2.对结构化和非结构化数据进行挖掘，发现其潜在关联与知识，指导业务发展；', '3.对流量数据进行建模学习，持续产品和技术的优化；；', '4.设计并开发分布式、快速、支持海量数据的数据挖掘平台、BI业务与决策支持平台等；', '任职资格:', '1.计算机、数学、统计等相关专业硕士及以上学历（博士优先）', '2、3年以上大规模数据分析、挖掘相关工作经验；', '3.熟悉Linux/Unix平台上的开发环境；', '4.熟悉C/C++、Java、Python、R、matlab等编程语言与工具（一项或多项）；', '5.熟悉聚类、分类、回归等机器学习算法。', '符合以下一项或多项者优先：', '1)熟悉推荐算法，广告匹配及关键词推荐等，有实际建模经验；', '2)熟悉自然语言处理，文本挖掘等，有实际建模经验或者开发过BI系统；', '3)熟悉Hadoop、Hive、Hbase、Pig等且有丰富实战经验；', '4)参加机器学习领域的知名比赛并获得过优秀成绩者优先', '\r\n                ', '\r\n                                        ', '职能类别：', '算法工程师', '\r\n                                        ', '关键字：', '大数据治理', '\r\n                    ', '\r\n        ', '微信分享', '\r\n        ', '\r\n        ', '\r\n    ']"
https://jobs.51job.com/wuhan-jhq/113544071.html?s=01&t=0,数据挖掘工程师,北京合力亿捷科技股份有限公司,1-2万/月,武汉-江汉区,3-4年经验,本科,民营公司,通信/电信/网络设备,"['\r\n        ', '岗位职责：', '1、充分理解运营商业务和用户数据，并把它们转化为价值输出；', '2、依据数据刻画用户，并进行分类分群，帮助进行相关的精准匹配；\xa0', '3、负责项目的需求调研、数据分析、商业分析和数据挖掘模型等；', '4、利用数据挖掘/统计学习的理论和方法分析定位客户当前面临的实际经营问题并帮助客户改进；', '5、负责项目中数据准备、模型建立、模型跟踪、模型优化、模型维护、部署和评估；等闭环流程，为营销、运营及决策提供分析支撑及技术支持；', '6、负责运营商大数据的整理、分析及提交数据报告，重点对用户行为数据进行分析和挖掘；', '任职要求：', '1、计算机、数学或统计学相关专业本科或以上学历，3年以上电信运营商数据挖掘、机器学习、建模和分析经验；', '2、优秀的逻辑思维能力，能够发现关键数据、关键问题，从海量数据中发现有价值的规律；', '3、优秀的文本挖掘能力和NLP能力，能够从海量的自然语言中捞取重要的信息，为业务赋能；', '4、善于分析业务、能将复杂的业务需求转化为数据/数学模型，对大数据处理和分析工作有热情；\xa0', '5、有自然语言处理、数据挖掘、机器学习、深度学习等相关项目经验，较强的算法基础和丰富的应用经验；', '6、良好的SQL语句和算法功底、掌握R、Python，Spark中任一种挖掘工具，对数据结构和算法设计（逻辑回归、决策树、xgboost、GBDT）有较为深刻的理解；\xa0', '7、1年以上独立带项目的经验，善于协调沟通，结果导向型；', '8、有主流大数据应用厂商任职经验、运营商大数据项目实施经验者优先。', '\r\n                ', '\r\n                                        ', '职能类别：', '数据库工程师/管理员', '\r\n                                        ', '关键字：', '建模', '数据挖掘', 'Python', 'Spark', '\r\n                    ', '\r\n        ', '微信分享', '\r\n        ', '\r\n        ', '\r\n    ']"
https://jobs.51job.com/beijing-hdq/99562624.html?s=01&t=0,算法工程师（数据挖掘）,北京清能互联科技有限公司,20-30万/年,北京-海淀区,无工作经验,硕士,民营公司,计算机软件,"['\r\n        ', '\xa0\xa0', '电力能源领域大数据分析相关模型技术研究；', '数据清洗、特征分析，规律抽取及整理，对数据未来变化的数值及趋势进行预测；', '机器学习/深度学习相关人工智能算法在产品/业务中的应用研究；', '负责业务需求相关算法模块设计与工程实现；', '负责项目技术方案相关文档撰写工作。', '\xa0\xa0\xa0\xa0\xa0\xa0', '任职资格：', '\xa0\xa0', '电气工程、数学、计算机、物理、热能、自动化等相关专业；', '熟悉各类数据挖掘算法，如聚类、回归等', '熟悉机器学习/深度学习框架者优先，例如sklearn、tensorflow等', '至少熟悉一门编程语言，如C++/Java/Python等', '有电力/能源规划决策领域相关项目经验优先；', '善于学习总结，有较强的求知欲，对探索未知领域和解决问题充满热情；', '工作严谨踏实，责任心强，条理清楚；有良好的团队合作精神和沟通能力。', '\xa0\xa0\xa0\xa0\xa0\xa0\xa0\xa0\xa0\xa0\xa0\xa0', '\r\n                ', '\r\n                                        ', '职能类别：', '大数据开发/分析', '算法工程师', '\r\n                                        ', '关键字：', '自动化测试', '测试代码', '\r\n                    ', '\r\n        ', '微信分享', '\r\n        ', '\r\n        ', '\r\n    ']"
https://jobs.51job.com/shanghai-ptq/47408513.html?s=01&t=0,数据挖掘工程师,上海玖数软件有限公司,0.8-2万/月,上海-普陀区,2年经验,本科,民营公司,计算机软件,"['\r\n        ', '职位描述 ', '1. 根据项目经理或高级数据挖掘工程师要求独立完成项目的数据搜集和数据处理；', '2. 能够快速根据项目需要学习并理解行业知识，并能在项目经理或高级数据挖掘工程指导下完成部分数据分析工作；', '3. 能够使用SAS,SPSS,或R,Python等开源平台根据用户需求定制开发相应的算法；', '4. 理解数据挖掘模型及预测分析结果，撰写相关分析报告；', '5. 了解数据仓库及商务智能背景，熟练掌握一类数据展现分析工具，如：Tableau，Cognos等；', '任职要求 ', '1. 信息化管理、数学或统计学专业背景本科以上学历；', '2. 具有一定的统计学、数据挖掘知识基础，有数据仓库/商业智能项目经验尤佳；', '3. 精通数据挖掘方法论，熟悉数据挖掘项目过程； ', '4. 熟悉并掌握SAS、SPSS统计分析或数据挖掘工具至少一种； 或具备Python，R等使用开源平台开发算法的经验；', '5. 有很强的事业心、责任感，良好敬业精神、团队精神与人际沟通能力。', '\r\n                ', '\r\n                                        ', '职能类别：', '软件工程师', '数据库工程师/管理员', '\r\n                                        ', '关键字：', '数据挖掘', '软件工程师', '\r\n                    ', '\r\n        ', '微信分享', '\r\n        ', '\r\n        ', '\r\n    ']"
https://jobs.51job.com/guangzhou-thq/114312490.html?s=01&t=0,数据挖掘工程师,众享(广州)科技有限公司,1.5-2万/月,广州-天河区,2年经验,本科,创业公司,计算机软件,"['\r\n        ', '岗位职责：', '1、负责通用型推荐系统（亿级用户）的开发与算法设计，提升推荐准确度、覆盖率；', '2、搭建并开发推荐系统实时与离线架构，分布式计算；', '3、参与特征工程与其他AI算法模型（CTR预测、深度学习等）的工程化与服务化。', '任职要求：', '1、全日制本科以上学历，计算机或统计学专业，2年以上数据挖掘工作经验，有推荐系统经验者优先；', '2、熟悉Python/Java语言编程，能够在Linux/Unix下进行环境部署与shell编写；', '3、熟悉hadoop、spark、mapreduce、kafka等数据密集应用解决方案；', '4、熟悉常用数据挖掘算法（分类、聚类、关联），有AI算法优化、GPU编程经验者优先。', '\r\n                ', '\r\n                                        ', '职能类别：', '数据库工程师/管理员', '算法工程师', '\r\n                                        ', '关键字：', '数据挖掘', '推荐系统', 'shell编写', '\r\n                    ', '\r\n        ', '微信分享', '\r\n        ', '\r\n        ', '\r\n    ']"
https://jobs.51job.com/chengdu-gxq/118672504.html?s=01&t=0,数据挖掘工程师,成都高新区人力资源协会,0.8-2.2万/月,成都-高新区,无工作经验,本科,非营利组织,专业服务(咨询、人力资源、财会),"['\r\n        ', '请注意！请注意！请注意！请注意！请注意！请注意！请注意！请注意！请注意！请注意阅读职位描述！', '\xa0\xa0', '尊敬的求职者你好，欢迎投递由成都高新区举办的', '“', '智汇高新', '”', '生物医药公益专场招聘会发布职位，所有职位信息真实有效。', '此场招聘会是由政府举办，人力协会承办的', '“', '智汇高新', '”', '菁英人才系列招聘会，招聘会面向', '20', '余家高新知名企业，上市企业、外资企业、国有企业、民营企业、独角兽企业。提供岗位', '130', '余个，平均薪酬', '10000+', '，同时各企业还享受高新区人才政策，提供现金奖励及住房补贴。', '\xa0', '地点：天府三街国际人才城', '5', '楼', '\xa0 \xa0\xa0', '时间：', '11', '月', '29', '日（周五）', '14:00-16:30', '\xa0 \xa0', '活动和公司详情：', 'https://w.url.cn/s/AYf7Apt', '\xa0\xa0', '更多高新区职位请关注公众号', '“', '中国成都人力资源服务产业园官微', '”', '\xa0 \xa0 \xa0\xa0', '此职位招聘单位：', '成都云检韵祥医学科技有限公司', '岗位职责：', '・\xa0\xa0\xa0\xa0\xa0\xa0协同医疗知识工程师进行医疗数据提取，转换，加载（ETL）处理，为机器学习做数据清理、缺失处理、整合等数据预处理工作', '・\xa0\xa0\xa0\xa0\xa0\xa0医疗超大数据下的健康预测分析、医疗费用预测、早期预警等模型的机器学习', '・\xa0\xa0\xa0\xa0\xa0\xa0机器学习模型在生产环境中的部署、调试与维护', '・\xa0\xa0\xa0\xa0\xa0\xa0\xa0优化改进现平台中已有模型的精确度和模型计算效率', '・\xa0\xa0\xa0\xa0\xa0\xa0\xa0通过科研文献，能鉴定、评估医疗模型中的相关临床相关指征', '・\xa0\xa0\xa0\xa0\xa0\xa0支持平台工程师进行产品研发，协助产品的设计和实现', '基本要求:', '・\xa0\xa0\xa0\xa0\xa0\xa0重点院校数学，统计学，计算机，工程学或相关领域本科及以上学历', '・\xa0\xa0\xa0\xa0\xa0\xa0一年以上机器学习或数据挖掘工作经验', '・\xa0\xa0\xa0\xa0\xa0\xa0很强的英语听、读、写能力 （英文6级）', '技能需求：', '・\xa0\xa0\xa0\xa0\xa0\xa0熟悉R语言，有算法研究背景经验', '・\xa0\xa0\xa0\xa0\xa0\xa0熟悉数据结构，数据挖掘和机器学习算法等常用算法，并对机器学习算法和理论有较深入的研究（如对熟悉决策树、聚类、逻辑回归，神经网络，序列标注，关联分析、SVM，贝叶斯等数据挖掘算法有较深理解和实践经验）', '・\xa0\xa0\xa0\xa0\xa0\xa0科研文献阅读能力，较强的学习能力', '・\xa0\xa0\xa0\xa0\xa0\xa0熟练使用SQL Server、MySQL等数据库', '・\xa0\xa0\xa0\xa0\xa0\xa0良好的团队合作精神，具备良好的学习能力', '有如下工作经验者优先考虑：', '・\xa0\xa0\xa0\xa0\xa0\xa0Deep Learning实战经验，了解常用框架，如Tensor Flow', '・\xa0\xa0\xa0\xa0\xa0\xa0自然语言处理经验', '・\xa0\xa0\xa0\xa0\xa0\xa0Hadoop Spark SQL Mlib等开发经验', '・\xa0\xa0\xa0\xa0\xa0\xa0生物信息数据相关工作经验', '・\xa0\xa0\xa0\xa0\xa0\xa0其他统计相关编程经验，如Python、C 、Java', '我们将为你提供：', '・\xa0\xa0\xa0\xa0\xa0\xa0美国硅谷总部培训深造机会', '・\xa0\xa0\xa0\xa0\xa0\xa0可发展和提升的职业发展空间', '・\xa0\xa0\xa0\xa0\xa0\xa0良好的经济保障', '\r\n                ', '\r\n                                        ', '职能类别：', '数据库工程师/管理员', '\r\n                                ', '\r\n        ', '微信分享', '\r\n        ', '\r\n        ', '\r\n    ']"
https://jobs.51job.com/guangzhou-pyq/115954398.html?s=01&t=0,算法工程师/用户数据挖掘工程师,广州华购计算机科技有限公司,1.5-3万/月,广州-番禺区,2年经验,本科,民营公司,互联网/电子商务,"['\r\n        ', '职位描述：', '1、负责用户数据体系的构建；', '2、运用数据挖掘机器学习技术，构建用户画像；', '3、为客户推荐个性化内容，提成客户满意度。', '岗位要求：', '1.计算机、技术等相关专业，本科以上学历； ', '2.精通Python语言，熟悉 Java，Linux/Shell等应用场景；', '3.熟练使用Hadoop、Hive、Spark等大数据平台工具；', '4. 熟悉深度学习框架，如Keras、Caffe、Tensorflow等，有过深度学习调参经验者优先；', '5.精通机器学习常用算法：如决策树、随机森林、协同过滤、SVM、 回归算法、AdaBoost等等；', '福利待遇：', '【1】公司氛围优秀（90后团队，各类活动，不用穿正装！）', '【2】福利超赞（五险一金，餐费补贴，等等各种福利）', '【3】交通便利（万博地铁口，步行15分钟即到）', '【4】周末双休，节假日按法定放假', '\r\n                ', '\r\n                                        ', '职能类别：', '算法工程师', '深度学习工程师', '\r\n                                        ', '关键字：', '算法工程师', '用户数据', '挖掘工程师', '五险一金', '周末双休', '\r\n                    ', '\r\n        ', '微信分享', '\r\n        ', '\r\n        ', '\r\n    ']"
https://jobs.51job.com/shenzhen-ftq/117337484.html?s=01&t=0,数据挖掘分析师,深圳前海汇智星科技有限公司,1.5-2万/月,深圳-福田区,无工作经验,大专,民营公司,计算机软件,"['\r\n        ', '非洲智人的“失意者们”20万年前经过苏伊士和亚丁湾走出非洲，直到遍布全球；', '为什么要向东迁徙呢？因为东边是太阳升起的地方，对于原始人来说，太阳几乎是全部的信仰和希望；', '欧洲大陆的“失意者”渡过英吉利海峡来到对面海岛，建立英国；', '以英国人为首的“失意者”远渡重洋来到北美大陆，建立美利坚；', '80年前，大陆的失意者奔赴香港，成就了东方明珠；', '40年前，内地的“失意者”来到这片小渔村，在一片荒芜中，历尽坎坷，最终，完成了原始积累。', '镜头拉近，2019年的某天傍晚，你疲惫地从公交地铁下车，穿过万家灯火中，走进城中村的一家小餐馆，边吃饭边望着巷子里同样是披星戴月归家去的年轻人，他们与我们一样，是背井离乡的失意者。', '你，少了些许焦虑...', '没错，现代世界的价值，大部分是由失意者创造的，因为，也只唯有他们，才能经受如此艰难，成就此番事业，所经历的，任由旁人评说', '当经历不被别人所理解的坎坷，体验到了别人所体验不到的之后，坦然一笑，可能，这就是我们来深圳的意义吧！', '招聘需求：', '寻找下一任', '前任，晋升了，职位空出来了...', '工作内容：', '负责产品运营活动、优惠券、商城、增长、推荐等场景的算法策略研究；', '和产品、运营、工程团队配合,进行强数据驱动、算法驱动策略研发，以高效达成业务目标；', '应用数据挖掘、统计分析、机器学习、深度学习等相关技术，驱动业务核心指标增长。', '熟悉数据挖掘、机器学习、推荐系统相关技术，对业界前沿技术持续关注；', '熟悉一种以上海量数据处理模型和框架，具备数据处理和加工能力；', '良好的数据科学思维，重数据驱动；', '熟悉常用数据处理工具，熟悉Scala/Python/SQL/Spark/Hadoop等尤先考虑；', '具备较强学习能力，有较强的团队合作精神和责任心。', '基本薪资待遇：', '15000元底薪；', '试用期一个月，底薪13000元！', '缴五险一金，并且完全按国家规定缴纳；', '一年有多少个月?我们财务说：15个月；', '也许大家会有疑问，为什么我们的岗位薪资会比同行的平均水平要高呢？', '①机会成本：为了省钱而浪费掉的招聘成本(时间和薪资)，要大于用一个非常具有优势的薪资而吸引到有能力的人来加盟所花费的成本。', '②我们深知一个道理：放开格局，给1位团队伙伴1.5倍的薪资待遇，他会为企业产生2位团队伙伴所产生的价值；有了良好的激励措施，伙伴越做越有斗志，公司当然也会直接受益，公司受益再会影响到团队伙伴：闭环！', '③与其招一个无用之人，还不无不养ta，把报酬回报给真正有能力的伙伴。', '④所以，我们会精挑细选，您会理解我们的。', '节日礼金、生日津贴、高温补贴、团建费用、下午茶等等，不会保证有；', '底薪，可以保证！', '工作时间：', '9:00-12:00，13:45-6:00，上班时间内，工作密度较大；', '但保证，在下班后，绝不安排工作！那是属于你的。', '大小周！', '还有几点我们要说几声对不起：', '①我们对新员工不用期权激励；因为大多数期权激励，都是希望能弥补你看到基本工资后的脚软。', '②我们不会给你那种“为所欲为的全方位成长机会”，因为那样的话，你最后还是有很大可能成为外卖超人。', '③我们不需要你抗压能力强；“抗压能力强的”潜台词是“你要必须自愿加班”。', '④我们的工作不是“弹性工作时间”；说弹性工作时间的，一般都是“上班不弹，下班弹，而且只往后半夜弹”。', '本公司主营业务：', '技术方案咨询', '专利挖掘与专利池构建', '知识产权整体解决方案', '政府活动与项目申报', '项目资源对接(FA)', '创业全周期辅导', '外部种子期项目孵化', '\r\n                ', '\r\n                                        ', '职能类别：', '数据库工程师/管理员', '算法工程师', '\r\n                                ', '\r\n        ', '微信分享', '\r\n        ', '\r\n        ', '\r\n    ']"
https://jobs.51job.com/foshan-sdq/105606160.html?s=01&t=0,数据分析师（数据挖掘）,广东体必康生物科技有限公司,0.8-1.2万/月,佛山-顺德区,无工作经验,本科,民营公司,制药/生物工程,"['\r\n        ', '岗位职责：', '1. 有大数据分析相关经验，参与科研服务项目相关数据分析、挖掘建模等工作；', '2. 对数据理解较好，有一定的算法基础，参与优化或更新算法和分析方法；', '3. 负责业务相关的需求分析、商业模式分析及挖掘等工作，并跟踪分析客户行为数据，为业务部门提供支持和建议；', '4. 根据业务需求，建立业务相关数据库，并测试相关的数据模型，实现从数据中提取决策价值，为业务部门提供支持和建议；', '岗位要求：', '1、数理统计、应用数学、计算机、生物信息学等相关专业，硕士以上学历或本科学历但具有一年以上数据分析工作相关经验；', '2、熟悉数据分析常规流程及可视化方法，具备机器学习方面知识能力优先。', '3、熟悉C/R/Python/Java等计算机语言中任意一种；能独立编程进行数据分析和处理；', '4、有生物芯片（DNA、蛋白质等）数据分析工作经验者优先；', '5、具有良好的中英文阅读与写作能力优先；', '                                        ', '6、工作积级主动，责任心强，逻辑思维能力强，耐心仔细，善于独立思考，具有团队精神。', '该职位入职广州博��生物科技有限公司', '办公地址：佛山市顺德区乐从镇佛山新城', '\r\n                ', '\r\n                                        ', '职能类别：', '数据库工程师/管理员', '市场分析/调研人员', '\r\n                                        ', '关键字：', '数据分析', '生物芯片', '编程', 'C语言', 'R', 'Java', 'Python', '挖掘j建模', '商业模式分析', '数据库', '\r\n                    ', '\r\n        ', '微信分享', '\r\n        ', '\r\n        ', '\r\n    ']"
https://jobs.51job.com/guangzhou-yxq/111979017.html?s=01&t=0,呼叫中心客服-数据挖掘渠道 ID-40282,英域成语言培训（上海）有限公司（EF 英孚教育）,3-5千/月,广州-越秀区,无工作经验,大专,外资（欧美）,教育/培训/院校,"['\r\n        ', '工作职责', ':', '-', '根据市场活动中留下个人信息的客户名单，致电客户核实个人信息', '-', '通过电话挖掘意向客户', '\xa0', '工作要求：', '-', '普通话流利，声音具有亲和力', '-', '欢迎条件优秀的应届毕业生', '-', '具有基本的电脑知识，能够使用', 'Excel', '等办公软件', '-', '乐于沟通，善于交流，性格开朗', '-', '能够承受一定的工作压力', '-', '对待工作有责任心，具有快速学习能力', '\xa0', '工作条件', '&', '福利待遇：', '-', '广州市规定的社保及公积金（五险一金）', '-100%', '报销的商业医疗报销', '-', '做', '5', '休', '2', '，早', '10', '晚', '7', '-', '完善的假期组合（法定假期、带薪年假：', '10-20', '天）', '-', '专业的带薪培训、良好的晋升发展', '-', '免费的英语培训', '\r\n                ', '\r\n                                        ', '职能类别：', '客服专员/助理', '\r\n                                ', '\r\n        ', '微信分享', '\r\n        ', '\r\n        ', '\r\n    ']"
https://jobs.51job.com/hefei/114951274.html?s=01&t=0,数据挖掘工程师,亚信科技OBC,1-1.5万/月,合肥,无工作经验,招1人,民营公司,计算机软件,"['\r\n        ', '岗位职责：', '1、为运营商提供深入的业务分析服务，根据业务需求进行数据统计、分析，撰写分析报告。', '2、负责电信行业数据分析和数据挖掘工作，包括数据模型的需求分析、模型开发和结果分析。', '3、负责电信行业咨询和系统实施类项目的数据需求调研、数据分析、商业分析和数据挖掘模型等相关项目的实施过程。', '4、负责相关项目的售前支持，发现客户在数据分析/挖掘相关项目上的需求和潜在项目机会。', '任职资格：', '1、熟悉Mysql/DB2等常用数据库，熟练使用SQL。', '2、掌握数据分析基本理论方法，熟悉数据挖掘常用算法，能够熟练使用Python/R语言者优先。', '3、有电信运营商、互联网行业数据分析/挖掘建模经验者优先。', '4、对用户行为研究有深入了解，咨询行业背景优先。', '5、\xa0具备良好的客户需求理解能力、良好的沟通和表达能力。', '6、\xa0工作态度积极主动，具备一定的抗压能力。', '7、\xa0具有良好的团队合作意识、团队协作能力。', '\r\n                ', '\r\n                                        ', '职能类别：', '大数据开发/分析', '算法工程师', '\r\n                                ', '\r\n        ', '微信分享', '\r\n        ', '\r\n        ', '\r\n    ']"
https://jobs.51job.com/beijing-dcq/115582248.html?s=01&t=0,数据挖掘工程师,亚信科技（中国）有限公司,1.2-1.8万/月,北京-东城区,2年经验,本科,上市公司,计算机软件,"['\r\n        ', '【工作职责】', '1、负责数据，包括大数据的分析、挖掘建模与应用支撑；', '2、同时负责多项目的数据分析支撑，包括电信运营商及其他行业，与运营咨询顾问一起，确保项目的顺利实施；', '3、保持与客户及合作团队的良好沟通，负责数据建模的业务解释。', '【岗位要求】', '1、熟悉数据库、大数据，具有丰富的数据挖掘知识和经验；', '2、具有通信、金融或互联网等行业工作经验者优先，具有咨询公司工作经验者优先；', '3、有良好的系统化、结构化思维能力，对数据敏感，善于从数据中发现问题；', '4、良好的沟通、表达能力，熟悉咨询服务项目的运作模式和运作流程；', '5、良好的团队协作意识与能力；', '6、富有敬业精神，强烈的责任心和进取心；', '7、工作态度积极主动，敢于担当，能适应工作压力。', '\r\n                ', '\r\n                                        ', '职能类别：', '数据库工程师/管理员', '\r\n                                ', '\r\n        ', '微信分享', '\r\n        ', '\r\n        ', '\r\n    ']"
https://jobs.51job.com/chengdu-gxq/117411585.html?s=01&t=0,高级数据挖掘工程师,亚信科技CMC,1.2-2万/月,成都-高新区,3-4年经验,本科,合资,计算机软件,"['\r\n        ', '1、 负责分析挖掘电信运营商行业对大数据产品的需求（应用场景），利用数据分析结论提升客户业务能力。例如：用户画像，个性化推荐，商机挖掘、流失预警、资费匹配、价值识别模型等；', '2、 进行大数据场景下的数据统计、数据挖掘、机器学习，包括数据整理、模型建立、模型应用、评估优化等；', '3、 将客户需求准确转化为可执行的数学模型，针对不同的应用场景，负责编写数据挖掘算法及对其的优化；', '4、 基于需求分析/运营支持/商业报告等成果，抽取典型用户/客户/行业/产品分析模型并与开发团队沟通实施方案及构建产品原型；', '岗位要求：', '1、 base地为成都，能接受一定程度出差。', '2、 拥有统计学专业知识，有2年及以上数据产品建模及分析工作经验(包括但不限于电信/社交/电商/金融等领域)；', '3、 熟练使用的SPSS、R或者SAS的挖掘分析软件，熟练使用Python等脚本语言；', '4、 熟悉常用机器学习和数据挖掘算法，包括但不限于决策树，线性回归，支持向量机，神经网络等；', '5、 对于Spark/Hadoop/HBase/Hive等大数据处理平台具备一定了解，有系统实际操作经验者优先；', '6、 责任心强、具备优秀的学习能力，能独立分析和解决问题，具有较强的沟通技巧和团队协作能力；', '联系方式：发送简历到wangzheng@asiainfo.com', '\r\n                ', '\r\n                                        ', '职能类别：', '高级软件工程师', '算法工程师', '\r\n                                        ', '关键字：', '需求梳理', '数据挖掘', '数据分析', 'SAS', 'python', '\r\n                    ', '\r\n        ', '微信分享', '\r\n        ', '\r\n        ', '\r\n    ']"
https://jobs.51job.com/shanghai-pdxq/118699336.html?s=01&t=0,数据挖掘工程师（GG） (职位编号：zenmen002081),上海连尚网络科技有限公司,2-2.5万/月,上海-浦东新区,无工作经验,招若干人,民营公司,互联网/电子商务,"['\r\n        岗位职责:', '职位描述：', '1. 对广告数据进行分析和加工，如标签、特征；', '2. 构建模型能力如lookalike、人群包等。', '职位要求：', '1.\t熟练掌握spark/hive/python；', '2.\t熟练掌握sklearn、pandas等；', '3.\t熟悉ETL优先。', '\r\n                ', '\r\n                                        ', '职能类别：', '算法工程师', '\r\n                                ', '\r\n        ', '微信分享', '\r\n        ', '\r\n        ', '\r\n    ']"
https://jobs.51job.com/chengdu-gxq/118682757.html?s=01&t=0,数据挖掘工程师,四川科库科技有限公司,0.6-1.2万/月,成都-高新区,无工作经验,招1人,民营公司,计算机软件,"['\r\n        ', '1 通过erp产生的农药订单数据，深度挖掘用户行为，简历信用模型', '2 通过以后erp产生的农药销售数据，深度挖掘具有商业价值的数据，建立模型，形成数据报表', '3通过区域部分用户售卖农药的销售量  推算整个区域农药销售量，建立线上算法模型（不能是简单的数据比例扩大、产生的用户数据不符合正态分布等）要求数据可视化（动态数据）', '4通过区域部分用户售卖农药的销售数据推算出该地区某一种农作物上使用农药的量（如：该地区总共销售A农药X公斤，最后用到水稻多少公斤，玉米上各是多少公斤; ）建立算法模型，动态可视化', '任职要求：', '1、本科及以上学历，有数据挖掘工作经验优先；', '2、有农业相关工作经验优先；', '\r\n                ', '\r\n                                        ', '职能类别：', '数据库工程师/管理员', '\r\n                                ', '\r\n        ', '微信分享', '\r\n        ', '\r\n        ', '\r\n    ']"
https://jobs.51job.com/shenzhen-nsq/118244527.html?s=01&t=0,数据挖掘实习生,深圳市圣荟贸易有限公司,6-8千/月,深圳-南山区,无工作经验,大专,民营公司,计算机软件,"['\r\n        ', '任职要求：', '\u3000\u30001、大学专科及以上学历，专业不限(应、往届生均可)；', '\u3000\u30002、热爱IT互联网测试工作；', '\u3000\u30003、工作积极，热情，沟通能力强，有团队合作精神；', '4、有志于从事软件行业；', '福利待遇：', '\u3000\u30001、公司提供丰厚的薪资待遇，五险一金，年底1-2月奖金，并每年两次调薪', '\u3000\u30002、享有国家规定的法定假期、带薪年休假等福利待遇', '\u3000\u30003、公司提供定期体检，节日旅游等活动', '3、五天工作制，早9点-晚18:00，周末双休', '年龄在20 - 30岁之间，男女不限，不符者请勿投！', '\r\n                ', '\r\n                                        ', '职能类别：', '大数据开发/分析', '\r\n                                        ', '关键字：', '数据分析', '\r\n                    ', '\r\n        ', '微信分享', '\r\n        ', '\r\n        ', '\r\n    ']"
https://jobs.51job.com/guangzhou/116648529.html?s=01&t=0,数据挖掘分析工程师,深圳索信达数据技术有限公司,1.5-2.5万/月,广州,3-4年经验,本科,外资（非欧美）,互联网/电子商务,"['\r\n        ', '职责描述：', '1、负责数据挖掘模型的开发，包括需求分析、模型设计、算法测试和优化；', '2、负责金融零售或风控特定业务方向的数据专题分析 ；', '任职要求：', '1、计算机、数学、统计等专业，本科以上学历，研究生以上学历优先；', '2、具有3年以上数据挖掘工作经验，有深度学习、反欺诈、推荐引擎等领域项目经验优先；', '3、熟悉数据挖掘建模过程及主流算法；\xa0', '4、熟练使用数据库，并至少熟练掌握一种语言，如SAS、Python、R、Java等；', '5、具有独立分析和解决实际业务问题的能力；对新知识、新技术充满求知欲，逻辑严谨、思维活跃、语言表达顺畅。', '\r\n                ', '\r\n                                        ', '职能类别：', '机器学习工程师', '\r\n                                ', '\r\n        ', '微信分享', '\r\n        ', '\r\n        ', '\r\n    ']"
https://jobs.51job.com/shenzhen-nsq/116552885.html?s=01&t=0,数据挖掘和分析工程师,深圳乐播科技有限公司,2-3.5万/月,深圳-南山区,5-7年经验,本科,民营公司,互联网/电子商务,"['\r\n        ', '职责描述：', '1、熟知互联网公司业务数据和业务变化，构建业务数据模型；', '2、维护业务数据模型，验证数据质量，保障数据完整和可靠；', '3、进行海量数据研发和分析，支持业务优化、监控和考核；', '4、不断学习数据技术，使用新技术高效完成任务；', '任职要求：', '1、国内外高校计算机、数学类相关专业，本科以上学历；', '2、2年以上大规模数据研发、挖掘、分析相关工作经验；', '3、熟悉MySQL、Oracle、SQLServer或至少其中之一，熟悉SQL语言；', '4、具有Hadoop、Hive、HBase、Spark、Storm等开源工具的使用经验，并能结合不同的业务场景使用；', '5、具有Python、Shell开发经验；', '7、熟知数理统计、数据分析及挖掘，熟知常用算法，有运用机器学习算法建模的理论基础或实际经验者优先； 应用大数据平台完成项目或任务；', '6、有千万级日活用户的项目工作经验者优先；', '\r\n                ', '\r\n                                        ', '职能类别：', '大数据开发/分析', '\r\n                                        ', '关键字：', '大规模数据', '千万级日活', '数据研发', '\r\n                    ', '\r\n        ', '微信分享', '\r\n        ', '\r\n        ', '\r\n    ']"
https://jobs.51job.com/shenzhen-nsq/116543014.html?s=01&t=0,DSQ-大数据挖掘与分析工程师,顺丰科技有限公司,1.8-3.5万/月,深圳-南山区,5-7年经验,本科,民营公司,计算机软件,"['\r\n        ', '1、负责公司数据中台项目建设及开发；', '2、负责基于大数据的数据仓库底盘建设、方案输出、开发、迭代优化完善；', '3、负责挖掘用户需求及引导用户分析思路，建立数据模型，支持数据分析和挖掘，用数据推动业务发展。', '任职要求：', '1、计算机或相关专业，全日制本科及以上学历，5年以上大数据仓库开发经验；', '2、熟练掌握企业级数据仓库体系架构，数据仓库模型、分层体系构建、元数据管理、数据质量监控等，具备扎实数据仓库建模理论知识；', '3、精通SQL语言，如HiveSQL、SprakSQL、SQL等(HiveSQL为必须项)，且有丰富的HiveSQL性能调优经验；', '4、熟悉Hadoop/Hive/Spark/Tez/ElasticSearch/Kafka/HBase等大数据相关技术；', '5、熟练掌握Oracle、MySQL等至少一种主流数据库的使用；', '6、熟悉Linux操作系统，可以进行基本的命令行编写操作；', '7、具备良好的代码编写能力，有大型数据仓库项目及数据分析项目经验优先。', '\r\n                ', '\r\n                                        ', '职能类别：', '数据库工程师/管理员', '\r\n                                ', '\r\n        ', '微信分享', '\r\n        ', '\r\n        ', '\r\n    ']"
https://jobs.51job.com/shanghai-ypq/115511624.html?s=01&t=0,数据挖掘工程师,上海乐配信息科技有限公司,1-2万/月,上海-杨浦区,3-4年经验,本科,民营公司,多元化业务集团公司,"['\r\n        ', '岗位职责：', '1、针对具体的业务场景需求、定义数据分析及挖掘问题；', '2、使用统计学分析方法、挖掘算法、构建有效且通用的数据分析模型，对数据挖掘方案进行验证、开发、改进和优化，实现数据挖掘的功能应用；', '3、搭建高扩展高性能的数据分析模型库，作为数据分析团队的基础工具；', '4、完成领导安排的其他工作。', '任职要求：', '1、计算机、统计学、数学相关专业，本科及以上学历；', '2、3年及以上相关工作经验，985和211大学的优秀毕业生可放宽至2年以上；', '3、熟悉PHM的应用背景、功能定义、系统架构、关键技术；', '4、熟练掌握Python进行数据挖掘；会使用Java进行软件开发者优先考虑；', '5、熟悉常用数据挖掘算法（如分类、聚类、回归、关联规则、神经网络等）及其原理，并具备相关项目经验；', '6、熟悉数据仓库，熟练使用SQL语言，有良好的数据库编程经验；', '7、具备较强的独立解决问题的能力，勤奋敬业、主动性和责任心强。', '\r\n                ', '\r\n                                        ', '职能类别：', '大数据开发/分析', '数据库工程师/管理员', '\r\n                                        ', '关键字：', 'Python', '数据挖掘', '\r\n                    ', '\r\n        ', '微信分享', '\r\n        ', '\r\n        ', '\r\n    ']"
https://jobs.51job.com/shanghai/116367076.html?s=01&t=0,数据挖掘工程师,上海联恩贸易发展有限公司,0.8-1.6万/月,上海,2年经验,本科,民营公司,互联网/电子商务,"['\r\n        ', '岗位职责：', '1、负责电商相关数据业务分析、大数据分析和数据挖掘，支持市场战略和运营计划及策略；', '2、负责大数据的处理、整合及数据建模，协同业务咨询人员，讲模型算法成果应用到实际业务中，并通过可视化工具展示分析成果；', '3、根据实际业务需求，完成深入的专项数据分析及建模，输出结果；', '4、负责大数据、模型、业务模块等相关算法及业务结合的研究和应用', '任职要求：', '1、本科及以上学历，统计学、应用数学、数据挖掘等相关专业，2年以上相关工作经验；', '2、精通各类数据分析及建模算法（如回归分析、聚类分析、贝叶斯、GBDT、随机森林等），并能区分不同算法模型的原理及适用条件，能够结合业务实际及分析主题，选择最合适的模型或算法输出分析结果；', '3、熟练应用一种及以上数据分析/挖掘软件（如Python/R/MATLAB等），有数据爬取应用经验者优先；', '4、具备海量数据分析及挖掘项目经验（主要是电商、金融行业等），具备较强的数据分析及解读能力，具备良好的团队协作精神，沟通能力佳，可承受较大的工作压力；', '5、实操过阿里品牌数据银行、数据工厂、策略中心等工具者优先', '\r\n                ', '\r\n                                        ', '职能类别：', '算法工程师', '数据库工程师/管理员', '\r\n                                ', '\r\n        ', '微信分享', '\r\n        ', '\r\n        ', '\r\n    ']"
https://jobs.51job.com/beijing-hdq/109653755.html?s=01&t=0,数据挖掘工程师,北京华宇泰聚科技有限公司,1.5-2万/月,北京-海淀区,3-4年经验,招3人,民营公司,计算机软件,"['\r\n        ', '岗位职责：', '1、参与数据ETL和数据仓库治理；', '2、参与大数据分析和挖掘，个性化推荐等系统的设计和开发；', '3、负责数据挖掘、自然语言处理及预测等相关模型、算法的设计与开发；', '4、参与BI等系统基础数据支撑开发；', '5、参与用户画像、用户行为评分、行业指数、销售预测等功能模块的开发；', '6、参与爬虫等外部相关数据爬取。', '任职要求：', '1、熟悉概率论和统计方法；', '2、掌握统计学习方法和机器学习算法者优先；', '3、掌握JAVA，理解MapReduce开发思维，能独立开发分布式计算；熟悉Shell、R、MATLAB、Octive、Python等脚本语言或应用开发者优先；', '4、熟悉关系型数据库MySQL等，了解NoSQL；', '5、具备工程化思维，思考数据业务能够全面谨慎；', '6、具备快速学习的能力和业务理解力，对数据开发有浓厚的兴趣，具备理解和整合算法的能力。', '\r\n                ', '\r\n                                        ', '职能类别：', '高级软件工程师', '\r\n                                ', '\r\n        ', '微信分享', '\r\n        ', '\r\n        ', '\r\n    ']"
https://jobs.51job.com/guangzhou-byq/88573922.html?s=01&t=0,数据挖掘分析师,广州龙骐贸易有限公司,1-1.5万/月,广州-白云区,无工作经验,本科,民营公司,互联网/电子商务,"['\r\n        ', '岗位描述：', '基于大数据的数据分析、挖掘项目工作', '深度参与数据处理和存储的业务系统的设计与实施', '负责数据模型建立、数据处理与挖掘工作支撑', '大数据相关产品调研、优化和功能开发', '大数据技术前瞻性研究与实现', '岗位要求：', '扎实的统计学、数据挖掘、机器学习理论基础，能够利用高等数学知识推演高维数学模型', '熟悉聚类、分类、回归、图模型等机器学习算法，对常见的核心算法理解透彻，有实际建模经验', '具有扎实的计算机操作系统、数据结构等编程基础，精通至少一门编程语言例如Python/Java/Scala/R', '深入理解Map-Reduce模型，对Hadoop、Spark、Storm等大规模数据存储与运算平台', '在大数据语料处理、文本信息挖掘等方向有经验者优先', '能够诚实,勤奋,严谨,积极创新，负责敬业', '上班时间：', '9：00至18：00，12：00-14：00休息，单双休制度；享受国家公众假期', '工作地址：', '广东省 广州市 白云区 黄石街道 江夏村芦石岗1号 红风创意园11栋2层201室', '\r\n                ', '\r\n                                        ', '职能类别：', '数据库工程师/管理员', '系统工程师', '\r\n                                        ', '关键字：', '数据', '数据分析', '数据挖掘', '语义分析', '\r\n                    ', '\r\n        ', '微信分享', '\r\n        ', '\r\n        ', '\r\n    ']"
https://jobs.51job.com/beijing/118244045.html?s=01&t=0,数据挖掘算法负责人-抖音电商 (职位编号：48501),字节跳动,3-6万/月,北京,5-7年经验,本科,民营公司,互联网/电子商务,"['\r\n        职位描述：', '1、负责抖音电商数据挖掘团队项目规划和团队建设，打造行业领先的算法团队；', '2、依托抖音和头条电商的大规模商品、内容以及用户和创作者行为数据，挖掘和预测热门商品，优化创作者选品模型，通过算法模型促进商家和创作者高效匹配，不断提升抖音内容电商效率。', '职位要求：', '1、熟悉统计机器学习理论，熟悉常见分类、聚类机器学习和深度学习算法；', '2、熟悉C++/Java/Python，具备优秀的编码能力，至少熟悉一种常见的机器学习/深度学习平台；', '3、两年以上算法研发经历，计算机相关专业本科以上学历；', '4、有钻研精神，主观能动性强，能适应快速变化的业务需求，具备良好的团队合作精神和沟通技巧；', '5、有算法团队leader经验者优先。\r\n                ', '\r\n                                        ', '职能类别：', '算法工程师', '\r\n                                ', '\r\n        ', '微信分享', '\r\n        ', '\r\n        ', '\r\n    ']"
https://jobs.51job.com/maanshan/99843812.html?s=01&t=0,数据挖掘工程师,马鞍山百助网络科技有限公司,21-42万/年,马鞍山,1年经验,大专,民营公司,计算机软件,"['\r\n        ', '岗位职责：', '1、负责内容的处理，包括关键词提取、主题分析、类目预测、质量打分等；', '2、负责海量用户行为的分析研究，挖掘优化用户画像，包括人口属性和用户兴趣等；', '3、负责推荐引擎算法的开发，包括各类推荐算法的实现、特征和参数调优、用户体验优化等；', '4、负责数据营销平台策略的开发，包括用户洞察、行业指数趋势预测、各类精准定向算法的实现和优化等；', '5、负责人工智能技术的研究，包括机器学习、知识推理、文本语义理解、计算机视觉等技术；', '6、通过海量数据对用户广告的行为进行深入分析与洞察，提炼和发现业务规律，指导推荐模型特征构建，定位产品相关的数据问题及分析优化；', '7、结合广告投放场景和用户画像进行分析、归纳统计指标建设，协助模型快速定位问题。', '招聘要求及条件：', '1、具备数据挖掘、NLP、机器学习、最优化等算法原理知识背景；', '2、具备推荐系统、精准营销、信息检索等方面的工作经验优先；', '3、具备大规模分布式计算平台的使用和并行算法的开发经验，对大数据处理及应用有浓厚兴趣；', '4、具有机器学习、数据挖掘、算法优化的基础并具有浓厚兴趣；', '5、熟悉统计原理及检验方法、熟悉数据分析方法；', '6、熟悉分类、回归、聚类、降维等机器学习算法及应用场景；', '7、熟悉Java、Python等，能独立完成相关的数据分析及分析报告相关工作。', '\r\n                ', '\r\n                                        ', '职能类别：', '算法工程师', '软件工程师', '\r\n                                        ', '关键字：', '数据挖掘', '人工智能', 'AI', '软件工程师', '算法工程师', '\r\n                    ', '\r\n        ', '微信分享', '\r\n        ', '\r\n        ', '\r\n    ']"
https://jobs.51job.com/beijing/113763891.html?s=01&t=0,数据挖掘工程师(画像方向) (职位编号：18218),奇虎360科技有限公司,2-2.5万/月,北京,3-4年经验,大专,上市公司,互联网/电子商务,"['\r\n        岗位描述：', '1、参与业务模型的搭建和具体问题解决方案的设计工作，了解业务背景及需求；', ' 2、对海量数据进行处理和分析，挖掘相关信息，建立模型，分析关键因素，优化推动相关产品；', ' 3、负责数据结构化、标签化工作，包括分类挖掘，专有名词识别等；', ' 4、基于海量用户行为，建立用户数据挖掘模型，可能包括但不限于：用户价偏好、并产出用户标签；', '任职要求', '1、全日制统招本科及以上学历，计算机相关专业，1年以上的数据挖掘/机器学习相关工作经验； ', ' 2、熟练掌握至少一种编程语言:Scala/Python/Golang，熟悉Linux系统及常用Shell命令；', ' 3、掌握基于 Hadoop 或 Hbase等大数据平台工具的开发与设计，熟悉Hive，Spark开发；', ' 4、熟悉数据结构,熟悉数据挖掘和机器学习算法等常用算法（如决策树、聚类、逻辑回归、序列标注、关联分析、SVM、贝叶斯等)；', ' 5、善于思考，良好的逻辑思维能力、代码编写能力和习惯； ', ' 6、对数据敏感，有较强数据分析、逻辑推理能力和解决问题能力；  ', ' 7、参与过用户画像建模、用户画像系统工作者优先；\r\n                ', '\r\n                                        ', '职能类别：', '高级软件工程师', '\r\n                                ', '\r\n        ', '微信分享', '\r\n        ', '\r\n        ', '\r\n    ']"
https://jobs.51job.com/foshan-sdq/118658709.html?s=01&t=0,博士岗-大数据挖掘,美的集团冰箱事业部,2-2.5万/月,佛山-顺德区,无工作经验,博士,民营公司,家具/家电/玩具/礼品,"['\r\n        岗位职责:', '大数据助产业升级，海量物联网、互联网、智能家居、营销大数据等待你来唤醒', '1.深度参与大数据平台研发，为客户提供大数据解决方案；', '2.根据业务目标进行数学建模及数据挖掘，并将模型运用与实践，解决营销、制造、研发客户提供咨询和实施等服务；', '3.把握“制造业向互联网+”转型契机，利用大数据实现产业升级。任职资格:', '1、熟练使用数据库查询语言如SQL、MySQL等；', '2、熟悉R、SAS、SPSS等至少一种相关分析软件；', '3、掌握Python、Java等一种或以上编程语言；', '4、掌握数理统计和数据分析，掌握回归分析、分类、聚类、关联规则等常用数据统计模型和挖掘技术，并有独立完整的建模实践经验；', '5、良好的语言沟通和表达能力，较强的自我驱动能力  。\r\n                ', '\r\n                                        ', '职能类别：', '科研人员', '其他', '\r\n                                        ', '关键字：', '数据挖掘', '\r\n                    ', '\r\n        ', '微信分享', '\r\n        ', '\r\n        ', '\r\n    ']"
https://jobs.51job.com/shenzhen-ftq/115404284.html?s=01&t=0,高级数据挖掘工程师,深圳筑龙信息技术有限责任公司,3-4万/月,深圳-福田区,3-4年经验,本科,民营公司,计算机软件,"['\r\n        ', '工作内容：', '1\xa0、负责维护基于hadoop和mpp的大数据仓库，设计和改进数据模型，维护数据处理流程，确保数据处理体系的稳定高速运行；', '2\xa0、\xa0负责编写自动化维护脚本，协调计算资源合理分配，协调各处理模块的任务调度平衡', '3、\xa0主动研究已有系统框架，做进一步改进；', '任职资格：', '1、\xa0有成熟的大数据项目经验', '2、\xa0熟悉hadoop\xa0生态，拥有熟练使用hdfs\xa0yarn\xa0hue\xa0spark\xa0hive等组件的能力；', '3、\xa0掌握mpp，如greenplum，有维护和优化greenplum\xa0等mpp系统的能力', '4、\xa0精通\xa0python(必须)，并熟悉java\xa0和c++\xa0基础知识和应用；', '5\xa0、熟悉主流关系数据库，postgresql\xa0mysql\xa0sqlserver\xa0oracle\xa0等；', '6、\xa0掌握包括\xa0sql\xa0语言，高级函数，善于编写存储过程\xa0和触发器等；', '7、熟悉常见IT技能：如linux操作熟练度、任务调度系统熟练、shell编程。会各种\xa0web服务\\nfs\\ftp\\数据库服务的维护；', '能够独立维护公司诸多linux服务器，工程能力要非常强。\xa0\xa0\xa0\xa0\xa0', '8、统招本科以上学历，4年以上工作经验', '\r\n                ', '\r\n                                        ', '职能类别：', '算法工程师', '\r\n                                        ', '关键字：', 'Python', 'Hadoop', 'mpp', '\r\n                    ', '\r\n        ', '微信分享', '\r\n        ', '\r\n        ', '\r\n    ']"
https://jobs.51job.com/dongguan/115985148.html?s=01&t=0,数据挖掘分析工程师,东莞数汇大数据有限公司,10-36万/年,东莞,3-4年经验,本科,国企,计算机软件,"['\r\n        ', '岗位职责: ', '1、研究数据挖掘领域的前沿技术,并用于实际问题的解决和优化；', '2、大规模机器学习算法研究及并行化实现,为各种大规模机器学习应用研发核心技术；', '3、结合产品业务需求，参与数学建模和挖掘，为相关团队提供算法支撑。', '\xa0', '任职要求:', '1、本科及以上学历，计算机、数理统计相关专业；', '2、3年以上相关工作经验，具有很强的逻辑分析能力，对数据敏感；', '3、具有一定的数据建模实践经验，扎实的编程基础，精通至少一门编程语言，对数据结果和算法设计有较为深刻的理解；', '4、精通Python及数据分析、机器学习库Numpy，Pandas，Sklearn；', '5、精通常用机器学习算法，熟悉深度学习开发框架，具有Tensorflow、Keras实际项目经验优先；\xa0', '6、熟悉海量数据处理、分布式计算，有相关项目经验者优先。', '对应公司岗位：大数据分析师、资深大数据分析师', '\r\n                ', '\r\n                                        ', '职能类别：', '算法工程师', '自然语言处理（NLP）', '\r\n                                ', '\r\n        ', '微信分享', '\r\n        ', '\r\n        ', '\r\n    ']"
https://jobs.51job.com/shenzhen-ftq/105016733.html?s=01&t=0,数据挖掘工程师,深圳樱吉尔企业咨询管理有限公司,1.5-2.5万/月,深圳-福田区,3-4年经验,本科,民营公司,专业服务(咨询、人力资源、财会),"['\r\n        ', '您将从事：', '1、负责目标用户分析、数据预估、用户验证、用户调研等，为运营计划提供依据；', '  2、负责对行业数据的采集、管理，并不断完善行业数据积累；', '  3、负责使用行为数据、文本数据、关系数据等对用户进行深入分析，构建用户画像，用户关系网络等工具，持续优化用户风险评估模型、用户价值模型；', '4、建立和优化数据模型，协助建立自动化决策系统；', '5、负责监控日常游戏数据，输出相关结论和报告，及时发现数据异动，预警运营风险；', '6、支持公司大数据产品的技术体系建设，将业内先进算法应用到业务场景，提高团队整体技术创新能力。', '您需具备：', '1、本科及以上学历，计算机、统计学、数学等相关数据分析专业；', '2、三年以上工作经验，有成功的数据挖掘项目经验优先；', '3、掌握SQL语句，熟悉Oracle\\MySQL\\SQL  Server中一种或多种，具备数据处理能力；', '4、精通常用数据挖掘工具软件R 或Python等，掌握常用数据分析方法以及经典的数据挖掘算法，具备一定的基础可自编挖掘算；', '5、具备一定的报告撰写能力，思维逻辑清晰，能从数据中提炼核心结果，并能形成有力的数据结果报告；', '6、具有良好的逻辑分析能力和数据敏感度，善于发现问题和解决问题的能力，具有吃苦耐劳敬业精神和团队精神。', '您将获得：', '1、 环境：开放明亮的办公环境、和谐互助的团队；', '2、 工资：优于市场行情的岗位薪酬，让您价有所值；', '3、 奖金：根据员工绩效表现和团队业绩，提供丰厚的绩效奖金和年终奖金；', '4、 五险一金：养、失、工伤、医疗、生育、公积金，一切为您保驾护航；', '5、 节日：节日福利和免费旅游，让我们一起去看看世界到底有多大；', '6、 活动：在这里除了工作，我们还有定期的娱乐和趣味活动；', '7、 培训：公司为员工提供多种培训，并提供资助选送部分员工参加外部培训，让您在知识的海洋畅游，一起与同事们共学习、共进步；', '8、 晋升：公司将为有能力的你提供宽广的职业晋升通道，让你在企业中能得到个人价值的完美展现。', '我们希望：', '你是一个执着的人。。', '你是一个有责任感的人。。', '你是一个善良而有爱心的人。。', '                                                                                                                    只要您有能力，欢迎您来谈您期望的薪资和奖金；我们提供开放分享的平台，来吧，提出您的计划和建议，来这里实现你的人身价值和目标！', '招聘负责人', '万小姐', 'QQ号码: 2279567378', '联系邮箱:hryje1319@163.com', '\r\n                ', '\r\n                                        ', '职能类别：', '数据库工程师/管理员', '\r\n                                        ', '关键字：', '数据挖掘', '大数据分析', '用户分析', '\r\n                    ', '\r\n        ', '微信分享', '\r\n        ', '\r\n        ', '\r\n    ']"
https://jobs.51job.com/dongguan/82206951.html?s=01&t=0,数据挖掘专员,东莞市糖酒集团美宜佳便利店有限公司,5-8千/月,东莞,2年经验,本科,民营公司,批发/零售,"['\r\n        ', '一、招聘要求：', '1、本科及以上学历，数学、统计类专业，工作地点：美宜佳总部东莞；', '2、良好的书写与口头沟通能力；', '3、熟练掌握SQL语言及Excel；', '4、熟练掌握主流数据库，如MS SQL Server、Oracle或MySQL；', '5、了解主流分析工具，如：Spss, Matlab等等；', '6、有数学建模、数据挖掘经验者优先。', '二、工作职责：', '1、 各类经营分析报表的制作；', '2、 海量运营数据的分类汇总、分析研究和数据建模；', '3、 对数据库信息进行深度挖掘和有效利用，充分实现数据的商业价值；', '4、 跟踪并分析用户行为，为公司零售、批发、营销平台及企业信息化等领域的产品设计进行海量数据支持。', '\r\n                ', '\r\n                                        ', '职能类别：', '数据库工程师/管理员', '算法工程师', '\r\n                                        ', '关键字：', '数据挖掘', '数据分析', '数学建模', 'Spss', 'Mathlab', 'SQL语言', '\r\n                    ', '\r\n        ', '微信分享', '\r\n        ', '\r\n        ', '\r\n    ']"
https://jobs.51job.com/hangzhou-gsq/111251265.html?s=01&t=0,数据挖掘工程师,浙江托普云农科技股份有限公司,1.5-2万/月,杭州-拱墅区,3-4年经验,本科,民营公司,仪器仪表/工业自动化,"['\r\n        ', '1. 基于海量用户数据与交互数据，构建各类标签的算法策略；熟悉各种机器学习算法；；', '2. 基于spark框架的数据挖掘平台的设计、开发和维护', '3. 负责Spark平台的设计、开发、部署、管理维护和优化；', '4. 负责基于spark技术的海量数据的处理、分析、统计和挖掘工作；', '5. 根据公司技术文档规范，编写算法开发文档包括：算法设计，评估，测试，总结优化等文档；', '6. 应用数据挖掘和机器学习技术，建立基于实际业务场景的数据模型，提升业务各项指标；', '7. 负责大数据前沿技术的探索和调研，及时更新团队技术。', '任职要求：', '1. 计算机相关专业本科以上学历，具有3年以上机器学习、大数据挖掘等相关领域经验；', '2. 熟悉相关计算统计模型和相关机器学习算法；', '3. 能够深入了解算法细节，熟练进行数学建模，并推动获取最优解；', '4. 掌握spark及其组件系统架构设计开发，擅长基于spark/spark streaming/impala环境大数据分析处理，至少一年以上的spark开发经验', '5. 熟悉linux开发环境，精通java/scala程序开发（至少一种）；', '6. 熟悉常用开源分布式系统，熟悉数据仓库原理，熟悉sql语言；', '7. 熟悉协同过滤、回归分析模型、关联规则挖掘、分类和聚类算法等数据统计模型和挖掘算法；', '8. 有过海量数据系统开发经验者优先；', '9. 具有良好的开发习惯，思维敏捷、具有良好的逻辑分析能力；对新技术有热情、抗压能力强。', '\r\n                ', '\r\n                                        ', '职能类别：', '算法工程师', '数据库工程师/管理员', '\r\n                                        ', '关键字：', 'spark', '大数据', '\r\n                    ', '\r\n        ', '微信分享', '\r\n        ', '\r\n        ', '\r\n    ']"
https://jobs.51job.com/guangzhou-thq/105219093.html?s=01&t=0,算法工程师/数据挖掘,广州舜飞信息科技有限公司,2-3万/月,广州-天河区,3-4年经验,本科,民营公司,互联网/电子商务,"['\r\n        ', '职位描述：', '「岗位定位」', '这就是为什么，我们产品效果那么棒', '「工作职责」', '1.用机器学习、文本挖掘等技术，对海量数据进行挖掘，优化广告投放；', '2.构建通用的分布式环境下算法平台，支持业务相关算法实现和应用；', '3.参与前沿机器学习算法研究及在用户数据挖掘中的应用研究工作。', ' ', '「岗位要求」', '1. 研究生及以上学历，数学、统计、计算机等相关专业；有数学建模、ACM竞价获奖经历，本科学历即可；', '2. 3年以上数据挖掘工作经验，有大规模数据分析、挖掘相关工作经验。熟悉常用机器学习算法者优先；', '3. 熟悉Linux开发环境，熟悉Hadoop、Spark等大数据计算平台；', '4. 熟悉python 或者java 或者c++语言；', '5. 有深厚的概率与数理统计基础者优先；', '6. 有BAT数据挖掘、机器学习背景者优先；', '7. 有互联网广告相关经验者优先。', '舜飞福利：', '1.\xa0\xa0 工作时间：双休，弹性工作时间，9:00-12:00,14:00-18:00或9:30-12:00,14:00-18:30；', '2.\xa0\xa0 六险一金：入职即购买五险（养老、医疗、工伤、失业、生育）及公积金，另入职即购买商业保险；', '3.\xa0\xa0 包午餐：丰盛的自助型午餐；', '4.\xa0\xa0 培训：', '①通用性培训：新员工入职培训、读书会、导师制、TTT内部讲师培训等；', '②\xa0 专业技能培训：优化师培训、部门内部专业培训等；', '5.\xa0\xa0 人性化假期：每月2天带薪病假、带薪年假（司龄满1年后有5天年假，每多1年则增加1天，最多每年达15天）、带薪婚假、产假、陪产假等；', '6.\xa0\xa0 丰富的业余活动：①每周羽毛球&篮球活动；②每月员工双生会（生日会及在职满周年庆祝）；③企业创意年会；④不定期部门集体活动；', '7.\xa0\xa0 贴心福利：不定期户外旅游、企业图书馆、年度体检等；', '8.\xa0\xa0 管理风格：鲜明的企业文化，极度求真、极度透明的扁平化管理风格，人性化管理；', '工作环境&氛围：舒适温馨的办公环境；活跃的办公氛围；和谐简单的同事关系', '\r\n                ', '\r\n                                        ', '职能类别：', '算法工程师', '互联网软件开发工程师', '\r\n                                        ', '关键字：', 'CTR预估', '推荐算法', '机器学习', '深度学习', 'C++', '\r\n                    ', '\r\n        ', '微信分享', '\r\n        ', '\r\n        ', '\r\n    ']"
https://jobs.51job.com/shenzhen-ftq/115588540.html?s=01&t=0,数据挖掘实习生,深圳市诺维尔科技互联网有限公司,0.8-1万/月,深圳-福田区,无工作经验,本科,民营公司,计算机软件,"['\r\n        ', '实习岗位，欢迎优秀应届毕业生投递简历', '入职要求：', '1、18-26岁，专业不限，大专及以上学历者优先', '2、需对计算机、游戏开发、设计、网站建设有兴趣', '3、有一定的逻辑思维，会简单电脑操作', '4、面试通过，直接上岗，无经验者，人品优秀可先带薪', '实习后上岗岗位职责：', '1、软件开发/设计等相关专业大专或以上学历；', '2、具有一定的C/C 语言基础，掌握数据结构相关知识；', '3、熟练操作Windows、Office等办公软件；', '4、善于学习，深入了解嵌入式系统软件及开发环境；', '5、具有良好的编码习惯，编写结构清晰、命名规范、逻辑性强、代码效率高；', '6、深入理解软件工程思想；', '7、具有良好学习能力和团队合作精神。', '福利待遇：', '1、周末双休，每天7小时上班时间，无夜班，不加班。', '2、大量有奖金项目可做，能力强者可不限量接受奖金项目，', '3、公司为员工购买五险一金，定期组织员工生日会、野外游玩等活动，提供良好的晋升机制，广阔的晋升空间。', '\r\n                ', '\r\n                                        ', '职能类别：', '机器学习工程师', '语音/视频/图形开发工程师', '\r\n                                        ', '关键字：', '人工智能', 'AI', '人脸识别', '实习生', '助理', '数据', '转行', '\r\n                    ', '\r\n        ', '微信分享', '\r\n        ', '\r\n        ', '\r\n    ']"
https://jobs.51job.com/shenzhen-baq/118644940.html?s=01&t=0,算法工程师 高级数据挖掘,深圳市光艺人家居有限公司,1.5-2.5万/月,深圳-宝安区,2年经验,本科,民营公司,互联网/电子商务,"['\r\n        ', '岗位职责 ：', '\xa01.用机器学习、文本挖掘等技术，对海量数据进行挖掘，优化广告投放；', '2.构建分布式环境下的算法流程，支持业务相关算法及应用；', '3.参与前沿机器学习算法研究及在用户数据挖掘中的应用研究工作；', '岗位要求：', '1.全日制本科以上学历，数学、统计、计算机等相关专业；有数学建模、ACM竞价获奖经历者优先；', '2.2年以上数据挖掘工作经验，有大规模数据分析、挖掘相关工作经验，熟悉常用机器学习算法；', '3.熟练掌握计算机基础、数据结构和基本算法；', '4.', '熟悉', 'Linux', '开发?境，熟悉', 'Hadoop、', 'Spark', '等大数据计算平台；', '5.', '熟悉', 'python', '或者', 'java', '或者', 'c++', '语言或者', 'golang；', '\r\n                ', '\r\n                                        ', '职能类别：', '算法工程师', '\r\n                                        ', '关键字：', '数据分析挖掘', '数学建模', '算法流程', '\r\n                    ', '\r\n        ', '微信分享', '\r\n        ', '\r\n        ', '\r\n    ']"
https://jobs.51job.com/beijing-hdq/106695393.html?s=01&t=0,数据挖掘程序员,北京润乾信息系统技术有限公司,1.5-2.5万/月,北京-海淀区,1年经验,本科,民营公司,计算机软件,"['\r\n        ', '岗位职责', '*\xa0从事数据挖掘产品的开发，不是使用其它厂商的数据挖掘软件', '任职要求', '*\xa0不接受***人员和在校实习生，对年龄没有限制', '*\xa0数学基础好，逻辑关系思维清晰，有较强的理解能力', '*\xa0熟悉数据挖掘算法，有统计学基础', '*\xa0有Python开发机器学习算法相关经验', '*\xa0有JAVA和数据库编程经验者优先', '\r\n                ', '\r\n                                        ', '职能类别：', '数据库工程师/管理员', '\r\n                                        ', '关键字：', '数据挖掘', '程序员', '\r\n                    ', '\r\n        ', '微信分享', '\r\n        ', '\r\n        ', '\r\n    ']"
https://jobs.51job.com/beijing-ftq/98572195.html?s=01&t=0,大数据工程师（数据挖掘）,北京万泰中联科技股份有限公司,0.8-2万/月,北京-丰台区,3-4年经验,本科,上市公司,计算机软件,"['\r\n        ', '1.负责用户画像平台、推荐系统以及预测模型等建设', '2.负责挖掘出大量数据中的潜在价值为实现公司战略目标', '3.与大数据其他方向人员一起合作完成项目目标', '任职要求：', '1.计算机相关专业，三年及以上数据挖掘工作经验', '2.熟悉java/python等语言', '3.具有Spark/Hadoop/Storm等大规模分布式计算平台的使用经验', '4.深入理解常见机器学习算法原理，熟悉常见的统计原理及方法', '5.较强的数据分析能力，逻辑思考，问题定位解决能力', '6.拥有海量数据挖掘经验优先考虑', '\r\n                ', '\r\n                                        ', '职能类别：', '数据库工程师/管理员', '大数据开发/分析', '\r\n                                        ', '关键字：', '数据挖掘', '\r\n                    ', '\r\n        ', '微信分享', '\r\n        ', '\r\n        ', '\r\n    ']"
https://jobs.51job.com/guangzhou/77473524.html?s=01&t=0,SAS数据挖掘顾问 (职位编号：00409),广州赛意信息科技股份有限公司,1-1.5万/月,广州,3-4年经验,本科,上市公司,计算机软件,"['\r\n        ', ' ', ' 岗位职责： ', ' ', ' 1、参与业务需求分析，负责数据挖掘事业线产品和平台的架构设计、开发，撰写相关文档。 ', ' 2、持续帮助团队优化并提升整体架构的性能和运营能力。 ', ' 3、为业务的发展搭建高性能、低成本、可扩展的研发平台。 ', ' 4、参与公司新技术研究。 ', ' 任职要求： ', ' ', ' 1.有成功的金融类、电商类、投资类等架构设计和开发经验； ', ' 2.精通hadoop系列数据采集, ETL工具, 数据仓库建模, 统计报表； ', ' 3.熟悉shell,C,C++,java等开发语言，熟悉ORACLE、MYSQL数据库开发等； ', ' 4.3年以上数据挖掘开发经验； ', ' 5.具有良好的分析和解决问题的意愿和能力，能够独立承担任务和有系统进度把控能力； ', ' 6.具有较好的沟通能力和团队合作精神，主动、敬业。 ', ' ', '\r\n                ', '\r\n                                        ', '职能类别：', '高级软件工程师', '高级软件工程师', '\r\n                                ', '\r\n        ', '微信分享', '\r\n        ', '\r\n        ', '\r\n    ']"
https://jobs.51job.com/shanghai-pdxq/116115495.html?s=01&t=0,资深数据挖掘工程师,盛趣信息技术（上海）有限公司,2.5-3.5万/月,上海-浦东新区,无工作经验,招1人,民营公司,计算机软件,"['\r\n        ', '工作职责：', '1、对游戏用户行为数据进行深度挖掘和有效利用，支持游戏业务精细化运营，挖掘潜在商业价值；', '2、从事游戏相关的自然语言处理、用户画像、风控、推荐等算法研发、数据产品开发工作。', '任职资格：', '1、3年以上数据挖掘从业经验，统计学、数学、计算机等专业硕士或以上学历；\xa0', '2、精通主要的数据挖掘算法，有NLP、推荐算法、广告、风控相关实践经验的优先；\xa0', '3、熟悉网络游戏，有商业分析经验和数据分析能力，有数据产品设计经验；', '4、熟练掌握Python或Java，有Hadoop、Spark等实践经验；', '5、有相关团队管理经验者优先。', '\r\n                ', '\r\n                                        ', '职能类别：', '大数据开发/分析', '\r\n                                ', '\r\n        ', '微信分享', '\r\n        ', '\r\n        ', '\r\n    ']"
https://jobs.51job.com/beijing-hdq/116368275.html?s=01&t=0,数据挖掘工程师(J10256),医渡云（北京）技术有限公司,1-1.5万/月,北京-海淀区,无工作经验,本科,民营公司,制药/生物工程,"['\r\n        ', '工作职责:', '工作职责：', '1.\t海量医疗数据的清洗、统计、挖掘等算法研发。', '2.\t利用机器学习模型在医学研究等方面对各种影响因素的挖掘与探索。', '3.\t参与机器学习、数据挖掘、统计分析类的算法研究与实现。', '任职资格:', '职位要求：', '1.\t机器学习、数据挖掘、计算机、数学、统计、金融等本科或以上学历。', '2.\t熟悉Python和SQL，具有两年以上的大数据统计分析和算法开发经验。', '3.\t熟练掌握Hadoop、Spark进行数据处理和分析 。', '4.\t扎实的理论和算法基础，对常见数据挖掘、统计和机器学习算法有一定的理解。', '5.\t擅长逻辑模型分析、设计，较强的抽象、概括、总结能力，善于发现思考并能以产品的思路提出解决问题的方案。', '6.\t数据敏感，喜欢数据工作，相信能从中挖掘出价值，有医学或药学背景更佳。', '\r\n                ', '\r\n                                        ', '职能类别：', '数据库工程师/管理员', '大数据开发/分析', '\r\n                                        ', '关键字：', 'Python', 'SQL', '\r\n                    ', '\r\n        ', '微信分享', '\r\n        ', '\r\n        ', '\r\n    ']"
https://jobs.51job.com/shanghai-pdxq/117334915.html?s=01&t=0,数据挖掘工程师,上海航末教育科技有限公司,1.5-2.5万/月,上海-浦东新区,2年经验,大专,民营公司,互联网/电子商务,"['\r\n        ', '1、用户画像的持续优化，基于海量用户行为，建立数据挖掘模型，比如用户偏好预测、用户价值的评估等；', '2、建立并完善分析体系，跟踪模型的实施，优化算法和分析策略，提供建设性建议；', '3、对各类需求数据进行挖掘、统计建模分析，并提交有效的分析报告，为公司运营决策提供数据支持；', '4、推进推荐、数据挖掘、机器学习技术在行业数据的应用。', '5、完成上级部门临时交代的其他事宜', '任职资格：', '1、大专以上学历，至少2年以上工作经验，计算机、应用数学等相关专业有先考虑；', '2、了解数据挖掘方法论，熟悉回归、决策树、聚类等算法；', '3、熟练运用至少一种统计分析工具：R、python、SAS，熟练操作python进行数据分析优先；', '4、精通关系型数据库SQL\xa0Server,\xa0分布式数据仓库Hive；', '5、参加过数据挖掘项目或推荐项目并担任项目核心成员优先；', '6、有责任心，良好的团队合作精神，乐于分享，积极上进，具备良好的学习能力。', '\r\n                ', '\r\n                                        ', '职能类别：', '数据库工程师/管理员', '\r\n                                        ', '关键字：', 'R', 'python', 'sas', '\r\n                    ', '\r\n        ', '微信分享', '\r\n        ', '\r\n        ', '\r\n    ']"
https://jobs.51job.com/shanghai/89300579.html?s=01&t=0,数据挖掘工程师,携程旅行网业务区,1.5-2万/月,上海,3-4年经验,本科,民营公司,酒店/旅游,"['\r\n        ', '工作职责', '1、用户画像的持续优化，基于海量用户行为，建立数据挖掘模型，比如用户偏好预测、用户价值评分等；', '2、对各类需求数据进行挖掘、统计建模分析，并提交有效的分析报告，为公司运营决策提供数据支持；', '3、建立和完善分析体系，跟踪模型的实施，优化算法和分析策略，提供建设性建议；', '4、推进推荐、数据挖掘、机器学习技术在行业数据的应用。', '任职资格', '1、计算机、应用数学、统计学等相关专业；', '2、熟练运用至少一种统计分析工具：R、python、SAS，熟练操作python进行数据分析优先', '3、了解数据挖掘方法论，熟悉回归、决策树、聚类等算法；', '4、参加过数据挖掘项目或推荐项目并担任项目核心成员优先；', '5、精通关系型数据库SQL Server, 分布式数据仓库Hive；', '6、有责任心，良好的团队合作精神，乐于分享，积极上进，具备良好的学习能力。', '\r\n                ', '\r\n                                        ', '职能类别：', '数据库工程师/管理员', '\r\n                                ', '\r\n        ', '微信分享', '\r\n        ', '\r\n        ', '\r\n    ']"
https://jobs.51job.com/shenzhen-nsq/113071709.html?s=01&t=0,算法工程师（数据挖掘方向）,深圳前海中电慧安科技有限公司,2-3万/月,深圳-南山区,3-4年经验,本科,民营公司,通信/电信/网络设备,"['\r\n        ', '1.参与构建并完善数据分析体系；', '2.对数据进行搜集，清洗、特征提取、分析建模，数据挖掘；', '3.用统计学习方法解决实际问题，并持续优化模型，提升精度和效率；', '4.对已有的数据挖掘算法优化，完成用户轨迹数据的分析和挖掘相关工作。', '任职资格', '1.对公安业务有一定了解，具备轨迹分析领域数据挖掘及实时模型建设经验优先；', '2.具有扎实的概率与数理统计基础，全日制大学本科以上学历，计算机、数学、统计等相关专业毕业；', '3.熟悉频繁项集挖掘算法、图计算相关算法等相关算法；数据java、python等编程语言与工具；', '4.具备较强的逻辑分析与数据分析能力，有较强的团队合作精神和责任心。', '\r\n                ', '\r\n                                        ', '职能类别：', '算法工程师', '高级软件工程师', '\r\n                                        ', '关键字：', '算法', '数据挖掘', '\r\n                    ', '\r\n        ', '微信分享', '\r\n        ', '\r\n        ', '\r\n    ']"
https://jobs.51job.com/guangzhou-thq/104113594.html?s=01&t=0,ZBBU-数据挖掘工程师,广州酷狗计算机科技有限公司,1.8-3.5万/月,广州-天河区,2年经验,本科,民营公司,互联网/电子商务,"['\r\n        ', '工作职责:', '1、利用数据挖掘、机器学习相关算法，解决核心业务需求； ', '2、将算法应用到互联网海量数据中，解决公司核心机器学习问题，用户画像、个性化推荐等； ', '3、设计并提供机器学习服务，应用于线上产品功能； ', '4、调研新技术在招聘领域的应用价值，以技术驱动产品', '任职资格:', '1、扎实的计算机基本功及数学基础，深入理解机器学习问题求解方法；', '2、有丰富的数据挖掘/机器学习/自然语言处理/推荐算法等相关工作经验或者研究经历；', '3、良好的编程功底，熟悉Scala，至少精通C/C++/JAVA/PYTHON一门语言；', '4、熟悉分布式计算，有hadoop，spark等经验优先；', '5、学历：硕士以上,数据挖掘工作时间两年以上（有4年数据挖掘经验，或在数据挖掘上做出重要成果的,可放宽学历要求)。', '\r\n                ', '\r\n                                        ', '职能类别：', '其他', '\r\n                                ', '\r\n        ', '微信分享', '\r\n        ', '\r\n        ', '\r\n    ']"
https://jobs.51job.com/guangzhou-thq/118636355.html?s=01&t=0,数据挖掘工程师,广州兄弟盟新媒体科技有限公司,1.5-2万/月,广州-天河区,3-4年经验,本科,民营公司,互联网/电子商务,"['\r\n        ', '1、负责通用型推荐系统（亿级用户）的开发与算法设计，提升推荐准确度、覆盖率；', '2、搭建并开发推荐系统实时与离线架构，分布式计算；', '3、参与特征工程与其他AI算法模型（CTR预测、深度学习等）的工程化与服务化。', '任职要求：', '1、全日制本科以上学历，计算机或统计学专业，3年以上数据挖掘工作经验，有推荐系统经验者优先；', '2、熟悉Python/Java语言编程，能够在Linux/Unix下进行环境部署与shell编写；', '3、熟悉hadoop、spark、mapreduce、kafka等数据密集应用解决方案；', '4、熟悉常用数据挖掘算法（分类、聚类、关联），有AI算法优化、GPU编程经验者优先。', '此岗位隶属于微世纪集团下的子公司：众享科技', '以下是众享科技开发的一款小程序：http://agg.actuive.com/', '众享聚合为自媒体提供小程序智能化运营服务：', '简单操作仅需一分钟，一键生成专属您的小程序；', '智能化采集，自动匹配最适合你的精品内容，为你的用户进行个性化推荐；', '智能化获客，实现公众号与小程序用户体系打通，粉丝共享和无限裂变；', '智能化推送，自动筛选人群，***化地利用消息推送能力，用户促活更高效；', '独特的信息流内容呈现，让广告形式多元化，变现效率更高。', '众享聚合，最懂自媒体的小程序运营平台！', '公司福利待遇', '>>', '  1、', '弹性工作制：', '5天8小时，弹性上下班打卡，中午休息两小时。', '  2、', '公司福利：', '餐补、车补、夜宵、丰厚的奋斗者基金（100元/天）；', '  3、', '福利金：', '入职购买五险一金，生日红包、结婚礼金、生育礼金、奠仪金、内部推荐奖金等津贴满满；', '  4、', '节假日：', '法定节假日、年假、婚假、丧假、产假、陪产假、病假等带薪假期；传统节假日发放礼金、礼品等活动多多。', '  5、', '项目奖金：', '  项目发展到各个阶段，团队有可观的项目奖金。', '  6、', '团建活动：', '娱乐、文体、郊游、旅游活动以及不定期聚餐活动，部门聚餐经费，下午茶福利，部门书籍课程订阅经费等。', '  7、', '内部培训：', '集团商学院，定期组织各种课程，包括管理课程、职业素养、通用类、专业技能类等系统课程，外聘专业讲师入企授课。', '    8、', '外部培训：', '由公司出资为优秀员工提供外训及在职继续深造的机会（BAT公司管理培训、阿拉丁小程序创新大会培训等）；提供系统、全面的入职培训，并定期举办内部教育训练，以及职业生涯发展规划制定个性化的培训计划。', '\r\n                ', '\r\n                                        ', '职能类别：', '数据库工程师/管理员', '算法工程师', '\r\n                                        ', '关键字：', 'AI', 'GPU', 'Python', 'shell', '推荐系统', '\r\n                    ', '\r\n        ', '微信分享', '\r\n        ', '\r\n        ', '\r\n    ']"
https://jobs.51job.com/shanghai-xhq/118491746.html?s=01&t=0,高级数据挖掘师 (MJ000087),汉堡王（中国）投资有限公司,1-1.3万/月,上海-徐汇区,3-4年经验,本科,外资（欧美）,餐饮业,"['\r\n        ', '岗位职责：', '1.能够结合业务需求,对数据进行深度分析,为运营和决策提供有质量的数据支持;', '2.对数据或业务相关专题进行研究分析,得出有效结论;', '3.配合系统搭建,数据仓库等人员,促进数据产品和体系结构落地及优化;', '4.对用户行为、用户画像算法进行研究,包括商户潜在用户挖掘、lookalike人群扩散、商品推荐等;', '5.会运用数据挖掘方法建立数据模型解决实际问题,如聚类、逻辑回归、决策树等', '岗位要求：', '1.数学、统计学、计算机、信息与计算科学等相关专业优先,本科及以上学历;', '2.三年数据分析相关工作经验,具备良好的逻辑分析能力和系统性思维能力,能够从海量的数据中发现和挖掘问题; CRM背景优先，有商品品类管理、商品或品牌分析或市场投放分析经验者优先。', '3.精通 excel 和 SQL,有hive操作经验优先考虑,熟悉 R、Python、sas 等至少一种数据分析语言;', '4.热爱技术,喜欢挑战,有较强的学习和分析能力,很强的自我驱动能力。', '\r\n                ', '\r\n                                        ', '职能类别：', '市场分析/调研人员', '\r\n                                ', '\r\n        ', '微信分享', '\r\n        ', '\r\n        ', '\r\n    ']"
https://jobs.51job.com/hangzhou-xhq/113230515.html?s=01&t=0,高级数据挖掘,杭州拓云计算机信息系统有限公司,2.5-3.5万/月,杭州-西湖区,3-4年经验,本科,民营公司,计算机服务(系统、数据服务、维修),"['\r\n        ', '1. 深入了解银行业务和行业数据，挖掘面向不同业务场景的特征，支持客户营销、信用风险、反欺诈等业务；', '2. 密切关注行业动态，分析监管文件，跟进了解银行客户需求和业务痛点，协调产品团队一起设计营销和风控产品；', '3. 构建有效的风控和营销模型，提升银行风险管理能力、客户管理能力和营销能力；', '4. 构建适合银行机构需要的各类MIS报表，并对利用各类数据给予管理意见；', '5. 应用统计分析、数据挖掘、机器学习等方法解决实际问题，并创新方法解决常规方法无法解决的问题；', '6. 管理并培养团队，协调项目开发和交付事宜，积极参与相关金融机构的业务交流。', '岗位要求：', '1. 计算机、统计、数学及相关专业毕业，硕士以上学历；', '2. 三年以上数据挖掘和机器学习经验，掌握评分卡开发，有在大型金融机构从事过相关工作优先；', '3. 对机器学习、深度学习、网络分析、异常检测、知识图谱其中之一理解透彻，熟练掌握常用的各类算法；', '4. 熟悉Python和SQL，有很强的数据聚合、数据分析与数据挖掘、解决业务问题的能力；', '5. 有较强的协调沟通能力，对于AI技术在金融业务场景的应用具有强烈的热情。', '\r\n                ', '\r\n                                        ', '职能类别：', '高级软件工程师', '\r\n                                ', '\r\n        ', '微信分享', '\r\n        ', '\r\n        ', '\r\n    ']"
https://jobs.51job.com/shenzhen-lgq/114979088.html?s=01&t=0,数据挖掘工程师,深圳市天和时代电子设备有限公司,15-20万/年,深圳-龙岗区,3-4年经验,本科,民营公司,仪器仪表/工业自动化,"['\r\n        ', '1、数学、统计学、计算机科学等相关专业本科及以上学历；', '2、负责X光图像大数据分析和挖掘工作；', '3、负责数据挖掘项目开发，完成产品研发的测试和优化等工作。', '4、熟悉聚类、分类、神经网络、SVM等机器学习算法，具有相关算法模型的应用经验；', '5、能独立使用相关的数据挖掘工具，如SAS、SPSS等，有海量数据挖掘经验；', '                    ', '6、熟悉SQL，能熟练使用CC++或Python编程语言。', '\r\n                ', '\r\n                                        ', '职能类别：', '数据库工程师/管理员', '\r\n                                        ', '关键字：', '数据挖掘', '\r\n                    ', '\r\n        ', '微信分享', '\r\n        ', '\r\n        ', '\r\n    ']"
https://jobs.51job.com/suzhou-gyyq/115127202.html?s=01&t=0,数据挖掘工程师,苏州中科全象智能科技有限公司,2-3万/月,苏州-工业园区,无工作经验,硕士,国企,计算机软件,"['\r\n        ', '工作职责:', '1、负责海量科技数据（含文本数据）的挖掘工作；', '2、负责科技数据挖掘算法模型的构建、应用、评测、报告；', '3、主持或参与海量科技数据的入库工作，科技数据知识图谱的构建；', '4、负责或参与数据挖掘成果论文、专利、标准的撰写；', '5、负责或参与制定数据加工清洗的方案，并形成操作手册；', '6、为指定的课题提出解决方案，并主持或参与方案实施；', '7、完成安排的各项工作，与其他部门合作。', '岗位要求：', '1、数学、统计、金融、科技管理、计算机等相关专业，博士学历优先；', '2、具有2年及以上海量数据挖掘经验，有文本挖掘、非结构化文本处理经验者优先；', '3、精通Matlab/Python/R/Scala之一，熟悉Java/C/C++等编程语言，熟练掌握Linux各项操作指令；', '4、熟练掌握Hadoop/Spark/Storm/Kafka中的一项或几项，有MPI经验者尚佳；', '5、掌握机器学习的基本算法框架，有自然语言处理和丰富的特征工程（特征选择/特征抽取）经验者优先；', '6、掌握关系型数据库的基本操作，有图形数据库、其他非关系型数据库经验者尚佳；', '7、在医疗信息化从事产品开发工作者优先，有顶会paper或人工智能领域国际比赛中获奖者优先；', '8、有比较强的组织协调能力，可同时处理好多个任务，具备一定的管理能力；', '9', '、性格开朗，具有团队精神；较强的沟通能力，能与相关业务和开发人员讨论并快速理解需求', '。', '\r\n                ', '\r\n                                        ', '职能类别：', '数据库工程师/管理员', '\r\n                                ', '\r\n        ', '微信分享', '\r\n        ', '\r\n        ', '\r\n    ']"
https://jobs.51job.com/shenzhen-nsq/118471996.html?s=01&t=0,数据挖掘工程师,深圳市华付信息技术有限公司,2-3万/月,深圳-南山区,3-4年经验,本科,民营公司,互联网/电子商务,"['\r\n        ', '岗位职责：', '1、运用数据挖掘、统计学习的理论和方法，深入挖掘和分析数据，并设计实现相应的算法；', '2、大规模数据的分类、聚类、关联等算法的比较研究；', '3、对用户与客户的行为进行分析，负责用户与客户行为分析的目标确定、数据采集、分析模型设计；', '4、指导开发人员完成算法实现，必要时独自完成算法设计与实现。', '岗位要求：', '1、计算机、数学或统计学相关专业学士以上学位，三年以上工作经验；', '2、具有海量数据挖掘及分析相关项目经验，参加过完整的数据挖掘项目；', '3、精通各种数据挖掘算法及其原理，能根据业务场景，建立挖掘模型，选择最合适和高效的算法并实现；', '4、精通SQL，熟练使用Python或R语言，有sas/matlab/SPSS经验者优先；有Nosql/Hadoop等开发经验者优先；', '5、具有一定的算法设计和实现能力；', '6、对数据敏感、对技术敏感，有研究的意识和直觉者更佳；', '7、性格积极乐观，诚信，有较强的语言表达能力；具备强烈的进取心、求知欲及团队合作精神。', '\r\n                ', '\r\n                                        ', '职能类别：', '数据库工程师/管理员', '\r\n                                        ', '关键字：', '数据挖掘', '数据分析', '\r\n                    ', '\r\n        ', '微信分享', '\r\n        ', '\r\n        ', '\r\n    ']"
https://jobs.51job.com/guangzhou-hzq/113930329.html?s=01&t=0,高级算法/数据挖掘/机器学习专家,广州市钱大妈农产品有限公司,30-40万/年,广州-海珠区,3-4年经验,硕士,民营公司,快速消费品(食品、饮料、化妆品),"['\r\n        ', '岗位职责：', '1、独立负责算法类相关的需求发掘、技术预研、系统设计，以及推动业务方共同落地，并制定后续运营和优化计划 ；', '2、负责持续对正在实施的算法模型效果跟进及调优  ；', '3、跟踪最新最热的机器学习算法理论进展（如deep learning），并且将优秀的算法应用到业务场景当中，提升业务效果。', '任职要求：', '1、熟练使用回归、聚类、因子、关联、决策树、神经网络等数据挖掘模型和多元统计分析方法，并能培训和指导数据挖掘工程师完成商业目标一般复杂的建模方案；', '2、精通spark MLAb、pyspark、tensorflow等数据挖掘工具 ；', '3、具备独立推广挖掘方案被产品经理或运营采纳的能力，可熟练正确应用分析模型并指导新成员精确高效的完成挖掘和数据应用；', '4、能主动发现和识别一般复杂的问题，提炼问题、做好挖掘规划和思路，并转化为挖掘目标和详细需求；', '5、有两年以上研发经验，能力得到客户认可。具有良好的指导能力，能够指导工程师解决技术问题。', '\r\n                ', '\r\n                                        ', '职能类别：', '算法工程师', '\r\n                                ', '\r\n        ', '微信分享', '\r\n        ', '\r\n        ', '\r\n    ']"
https://jobs.51job.com/shanghai-pdxq/114008689.html?s=01&t=0,数据挖掘和数据库工程师,混沌天成期货股份有限公司,1.5-2万/月,上海-浦东新区,无工作经验,招若干人,民营公司,金融/投资/证券,"['\r\n        ', '【主要任务】', ' ', '根据品种研究特点选择合适的数据挖掘算法，进行数据挖掘等工作', '公开数据的自动化收集、清洗、存储', '调研数据需求，建立数据分析框架体系，输出数据分析报告、数据报表等', '负责本地/云数据库用户相关产品的设计和开发，包括项目框架搭建、前后端功能实现等', '【我们期待你】', '有过数据挖掘和数据库搭建的经验', '具备金融知识背景，能迅速了解团队数据需求', '能用Python进行数据分析/爬虫开发和运维', '熟练使用PostgreSQL和MongoDB', '熟悉Linix/Unix操作系统', '较强的学习能力和责任心，良好的沟通能力、文档编写能力，有github开源项目者优先', '三年以上工作经验', '【我们提供】', '基本工资15-30万 + 奖金', '一个学习商品基本面量化的环境', '一个7人的专业量化研究和交易团队', '\r\n                ', '\r\n                                        ', '职能类别：', '大数据开发/分析', '\r\n                                ', '\r\n        ', '微信分享', '\r\n        ', '\r\n        ', '\r\n    ']"
https://jobs.51job.com/shanghai-xhq/115744328.html?s=01&t=0,数据挖掘分析工程师,上海帕科信息科技有限公司,1-1.5万/月,上海-徐汇区,2年经验,本科,民营公司,计算机服务(系统、数据服务、维修),"['\r\n        ', '  ', '岗位职责：', '  ', '1. 参与工业领域的数字化改造与智能化工作；', '  ', '2. 根据业务需求，收集、整理工业领域相关数据；', '  ', '3. 独立完成数据可视化、数据分析建模、模型优化等相关工作；', '  ', '4. 为数据展示工具等相关产品提供数据支持。', '  ', '岗位要求：', '  ', '1. 国内外优秀大学本科及以上学历，统计学，数学，计算机等相关专业；', '  ', '2. 两年以上数据分析相关工作经历，有大数据分析、工业领域数据分析经验者优先；', '  ', '3. 熟练掌握聚类、分类、回归、关联分析等常用的数据挖掘方法；', '  ', '4. 熟练运用Hive/SQL/Python3等数据处理及分析工具；', '  ', '5. 逻辑思维较强，对数据敏感，善于从数据中发现问题，并形成基于数据的分析结论；', '  ', '6. 工作认真细致，具有良好的学习能力和沟通能力。', '  ', '\r\n                ', '\r\n                                        ', '职能类别：', '数据库工程师/管理员', '软件工程师', '\r\n                                ', '\r\n        ', '微信分享', '\r\n        ', '\r\n        ', '\r\n    ']"
https://jobs.51job.com/fuzhou-glq/113386594.html?s=01&t=0,数据挖掘工程师 (职位编号：000932),南威软件集团,0.8-1.6万/月,福州-鼓楼区,3-4年经验,本科,上市公司,计算机软件,"['\r\n        岗位职责:', '1、负责大数据平台的多维度数据梳理，了解数据整体业务情况.', '2、和PM配合，完成产品的初步调研，对产生的标签做出有效的评估.', '3、利用现有数仓数据，基于相关需求进行数据模型设计开发以及后期模型.', '4、参与优化和完善所属方向的数据分析体系。', ' ', '任职资格:', '1、本科及以上学历，图书情报学、数学、统计等相关专业，做事耐心,有强烈的责任心,善于沟通；', '2、至少熟悉一种开发语言，如：Java、Scala、Python等，能熟练使用SQL进行数据处理；？', '2、至少熟悉其中一两项，如：Mysql，Oracle，Hive，Spark Sql等开源软件和框架；', '3、了解数据仓库相关技术，如ETL、维度建模、展现、多维分析、即席查询等工具原理与技术架构；', '4、了解数据统计分析方法，有较强的学习能力，有数据分析案例经验者优先；', '5、具有大数据思维，较强的沟通能力、逻辑思维能力和语言表达能力；', '6、有公安相关业务经验者优先考虑。', '\r\n                ', '\r\n                                        ', '职能类别：', '数据库工程师/管理员', '\r\n                                ', '\r\n        ', '微信分享', '\r\n        ', '\r\n        ', '\r\n    ']"
https://jobs.51job.com/guangzhou-pyq/115961942.html?s=01&t=0,数据挖掘工程师（广州） (职位编号：001476),浩鲸云计算科技股份有限公司,1.5-2万/月,广州-番禺区,5-7年经验,本科,民营公司,计算机软件,"['\r\n        岗位职责:', '1. 负责推荐引擎，统计学模型，以及大数据产品和服务的核心模型与算法的创新研究和实现；', '2. 实现个性化推荐数据平台的实时处理性能优化；', '3.参与大数据预测模型的产品和服务设计与建模；', '6.负责用户画像在产品运营/广告/大数据产品等场景的应用。', ' ', '任职资格:', '1.本科及以上学历，四年工作经验，计算机、统计学等相关理科专业，具有深厚的统计学.数学.人工智能和数据挖掘知识基础；', '2.熟悉机器学习相关算法，有较丰富的机器学习落地经验，有tensorflow，spark,sklearn等框架使用经验者优先；', '3.至少熟练使用一门编程语言（python/java/scala等)，熟悉数据库操作，有hadoop、hive等分布式大数据工具使用经验者优先;', '4.有较强的数据分析能力，逻辑思考，问题定位解决能力；', '\r\n                ', '\r\n                                        ', '职能类别：', '算法工程师', '\r\n                                ', '\r\n        ', '微信分享', '\r\n        ', '\r\n        ', '\r\n    ']"
https://jobs.51job.com/guangzhou-thq/117314911.html?s=01&t=0,（急聘）数据挖掘工程师,时代大数据,0.8-1.6万/月,广州-天河区,2年经验,本科,民营公司,互联网/电子商务,"['\r\n        ', '（1）收集客户分析需求，转化需求为可执行的分析方案；', '（2）基于分析方案，进行数据收集、挖掘建模、模型优化；', '（3）撰写分析报告；', '（4）跟进模型效果评估与优化；', '（5）其他数据分析挖掘技术性工作。', '岗位要求：', '（1）本科及以上学历，专业背景是应用数学或者统计学等相关专业有关；', '（2）2年以上相关数据挖掘分析工作经验；对数据挖掘的基本算法有一定了解和应用经验；', '（3）能快速理解客户需求，将实际需求转化为建模分析需求；', '（4）熟练使用SAS、JMP、SPSS、R等其中任一挖掘分析软件。', '（5）熟悉运营商业务数据；', '该岗位工作地点在山东济南，投递的时候请注意！', '\r\n                ', '\r\n                                        ', '职能类别：', '大数据开发/分析', '算法工程师', '\r\n                                ', '\r\n        ', '微信分享', '\r\n        ', '\r\n        ', '\r\n    ']"
https://jobs.51job.com/shenzhen/118059641.html?s=01&t=0,YJR-数据挖掘资深工程师(投研数据规划),深圳前海微众银行股份有限公司,3.5-5万/月,深圳,8-9年经验,本科,民营公司,金融/投资/证券,"['\r\n        ', '工作内容', '1、负责规划和搭建信用研究数据体系，管理和协调上游数据，服务下游投资和研究需求；', '2、负责信用研究相关系统的规划和监测；', '3、负责管理和指导数据挖掘、数据技术相关人员；', '4、负责支撑投资和研究团队的临时性技术需求和原型搭建。', '职位要求', '1、重点院校硕士研究生以上学历（或背景特别优秀的本科学历）；', '2、8年以上信用投研数据规划经验；', '3、具备规划、搭建信用研究或投资相关数据体系、系统产品的实战经验；', '4、熟悉境内外主流数据提供商、数据挖掘技术、数据库技术；', '5、具备一定的团队协调和管理能力；', '6、良好的学习能力、沟通表达能力、团队合作意识、抗压能力。', '\r\n                ', '\r\n                                        ', '职能类别：', '其他', '\r\n                                ', '\r\n        ', '微信分享', '\r\n        ', '\r\n        ', '\r\n    ']"
